No.	Quantity	Comment	Designator	Footprint	Value	Manufacturer Part	Manufacturer	Supplier Part	Supplier	Mounting Style	LCSC Stock
1	1	10nF	C1	C0603	10nF	0603B103K500NT	FH	C57112	LCSC	SMT
2	2	4.7uF	C3,C4	C1206	4.7uF	1206B475K500NT	FH	C29823	LCSC	SMT
3	2	22uF	C5,C6	C0805	22uF	CL21A226MAQNNNE	SAMSUNG	C45783	LCSC	SMT
4	1	100uF	C7	CAP-TH_BD6.0-P2.50-D0.5-FD	100uF	KM1E101M0611	ROQANG	C2873969	LCSC	DIP
5	5	100nF	C8,C11,C14,C16,C18	C0805	100nF	CL21B104KCFNNNE	SAMSUNG	C28233	LCSC	SMT
6	1	1nF	C9	C0603	1nF	CL10B102KB8NNNC	SAMSUNG	C1588	LCSC	SMT
7	3	10uF	C10,C15,C17	C0805	10uF	GRM21BR61H106KE43L	muRata	C440198	LCSC	SMT
8	5	10uF	C12,C13,C23,C38,C69	CAP-SMD_L3.2-W1.6-RD-C7171	10uF	TAJA106K016RNJ	Kyocera AVX	C7171	LCSC	SMT
9	44	100nF	C19,C21,C22,C24,C25,C26,C27,C28,C29,C30,C31,C32,C34,C36,C37,C39,C41,C42,C44,C45,C54,C58,C60,C62,C63,C64,C65,C66,C67,C68,C70,C71,C72,C73,C74,C75,C76,C77,C78,C79,C80,C81,C82,C83	C0603	100nF	CC0603KRX7R9BB104	YAGEO	C14663	LCSC	SMT
10	5	4.7uF	C20,C47,C48,C49,C57	C0603	4.7uF	CL10A475KO8NNNC	SAMSUNG	C19666	LCSC	SMT
11	3	1uF	C35,C40,C43	C0603	1uF	CL10A105KB8NNNC	SAMSUNG	C15849	LCSC	SMT
12	1	22nF	C50	C0603	22nF	CL10B223KB8NNNC	SAMSUNG	C21122	LCSC	SMT
13	2	6.8nF	C51,C52	C0603	6.8nF	0603B682K500NT	FH	C1631	LCSC	SMT
14	2	33pF	C53,C59	C0603	33pF	CL10C330JB8NNNC	SAMSUNG	C1663	LCSC	SMT
15	2	18pF	C55,C56	C0603	18pF	CL10C180JB8NNNC	SAMSUNG	C1647	LCSC	SMT
16	1	1nF	C61	CAP-TH_L6.8-W2.6-P5.08-D0.6-S2.1	1nF	CC3D102KC2IEB46U31MF	Dersonic	C2976624	LCSC	DIP
17	1	10nF	C84	C1206	10nF	1206B103K500NT	FH	C1846	LCSC	SMT
18	1	TF PUSH	CARD1	TF-SMD_TF-PUSH		TF PUSH	SHOU HAN	C393941	LCSC	SMT
19	11	KF2EDGR-3.5-3P	CN22,CN23,CN24,CN25,CN26,CN27,CN28,CN29,CN30,CN31,CN32	CONN-TH_3P-P3.50_KF2EDGR-3.5-3P		KF2EDGR-3.5-3P	KEFA	C441172	LCSC	DIP
20	2	KF2EDGR-3.5-2P	CN33,CN42	CONN-TH_P3.50_KF2EDGR-3.5-2P		KF2EDGR-3.5-2P	KEFA	C441171	LCSC	DIP
21	6	KF2EDGR-3.5-4P	CN34,CN35,CN36,CN37,CN38,CN39	CONN-TH_4P-P3.50_KF2EDGR-3.5-4P		KF2EDGR-3.5-4P	KEFA	C441173	LCSC	DIP
22	1	KF2EDGR-3.5-5P	CN40	CONN-TH_5P-P3.50_KF2EDGR-3.5-5P		KF2EDGR-3.5-5P	KEFA	C441174	LCSC	DIP
23	1	KF2EDGR-3.5-6P	CN41	CONN-TH_6P-P3.50_KF2EDGR-3.5-6P		KF2EDGR-3.5-6P	KEFA	C441175	LCSC	DIP
24	1	SS54	D1	SMA_L4.4-W2.8-LS5.4-R-RD		SS54	MDD	C22452	LCSC	SMT
25	2	SS34	D2,D3	SMA_L4.3-W2.6-LS5.2-RD		SS34	MDD	C8678	LCSC	SMT
26	3	PSM712-LF-T7	D4,D5,D6	SOT-23-3_L3.0-W1.7-P0.95-LS2.9-BR		PSM712-LF-T7	PROTEK	C32677	LCSC	SMT
27	1	1N4742A	D7	DO-41_BD2.4-L4.7-P8.70-D0.9-RD		1N4742A	onsemi	C140853	LCSC	DIP
28	1	PZ254V-11-04P	H1	HDR-TH_4P-P2.54-V-M		PZ254V-11-04P	XFCN	C2691448	LCSC	DIP
29	1	22uH	L1	IND-SMD_L11.6-W10.1	22uH	CYA1040-22UH	SHOU HAN	C6364679	LCSC	SMT
30	1	BLM18PG121SN1D	L2	L0603		BLM18PG121SN1D	muRata	C14709	LCSC	SMT
31	1	3.3uH	L3	IND-SMD_L2.0-W1.6_AOTA-B201610S3R3-101-T	3.3uH	AOTA-B201610S3R3-101-T	ABRACON	C42411119	LCSC	SMT
32	6	KT-0805G	LED1,LED2,LED3,LED4,LED5,LED6	LED0805-R-RD		KT-0805G	KENTO	C2297	LCSC	SMT
33	2	2N7002	Q1,Q2	SOT-23-3_L2.9-W1.3-P1.90-LS2.4-BR		2N7002	CJ	C8545	LCSC	SMT
34	2	5.1k	R1,R5	R0603	5.1k	0603WAF5101T5E	UNI-ROYAL	C23186	LCSC	SMT
35	1	6.8k	R2	R0603	6.8k	0603WAF6801T5E	UNI-ROYAL	C23212	LCSC	SMT
36	1	1.5k	R3	R0603	1.5k	0603WAF1501T5E	UNI-ROYAL	C22843	LCSC	SMT
37	37	10k	R6,R8,R9,R31,R37,R38,R48,R54,R56,R59,R66,R70,R75,R76,R77,R78,R79,R80,R81,R82,R84,R89,R99,R101,R102,R103,R104,R105,R106,R108,R110,R116,R117,R120,R122,R124,R127	R0603	10k	0603WAF1002T5E	UNI-ROYAL	C25804	LCSC	SMT
38	2	2k	R7,R121	R0603	2k	0603WAF2001T5E	UNI-ROYAL	C22975	LCSC	SMT
39	7	1k	R10,R11,R12,R40,R123,R125,R126	R0603	1k	0603WAF1001T5E	UNI-ROYAL	C21190	LCSC	SMT
40	2	4.7k	R13,R14	R1206	4.7k	1206W4F4701T5E	UNI-ROYAL	C17936	LCSC	SMT
41	19	33R	R15,R41,R43,R44,R47,R49,R52,R57,R61,R62,R65,R67,R72,R85,R87,R90,R93,R94,R97	R0603	33R	0603WAF330JT5E	UNI-ROYAL	C23140	LCSC	SMT
42	1	10R	R16	R0603	10R	0603WAF100JT5E	UNI-ROYAL	C22859	LCSC	SMT
43	3	4.7k	R17,R20,R21	R0603	4.7k	0603WAF4701T5E	UNI-ROYAL	C23162	LCSC	SMT
44	4	49.9R	R18,R19,R26,R27	R0603	49.9R	0603WAF499JT5E	UNI-ROYAL	C23185	LCSC	SMT
45	4	4.7R	R22,R23,R24,R25	R0603	4.7R	0603WAF470KT5E	UNI-ROYAL	C23164	LCSC	SMT
46	1	1M	R28	R0603	1M	0603WAF1004T5E	UNI-ROYAL	C22935	LCSC	SMT
47	1	0R	R29	R0603	0R	0603WAF0000T5E	UNI-ROYAL	C21189	LCSC	SMT
48	1	12.4k	R30	R0603	12.4k	RC0603FR-0712K4L	YAGEO	C137798	LCSC	SMT
49	20	330R	R32,R39,R42,R45,R46,R50,R51,R53,R60,R63,R64,R68,R71,R73,R86,R91,R92,R95,R96,R100	R0603	330R	0603WAF3300T5E	UNI-ROYAL	C23138	LCSC	SMT
50	1	1M	R35	R1206	1M	1206W4F1004T5E	UNI-ROYAL	C17927	LCSC	SMT
51	10	5.6k	R55,R58,R69,R74,R83,R88,R98,R107,R109,R112	R0805	5.6k	0805W8F5601T5E	UNI-ROYAL	C4382	LCSC	SMT
52	2	120R	R111,R113	R0603	120R	0603WAF1200T5E	UNI-ROYAL	C22787	LCSC	SMT
53	2	22R	R114,R115	R0402	22R	0402WGF220JTCE	UNI-ROYAL	C25092	LCSC	SMT
54	1	10k trim pot	R128	RES-ADJ-TH_L6.7-W4.5-P2.50_PV37W	10k	PV37W103C01B00	BOURNS	C6630214	LCSC	DIP
55	1	J1B1211CCD	RJ1	RJ45-TH_J1B1211CCD		J1B1211CCD	WIZNET	C910371	LCSC	DIP
56	2	TS-1088-AR02016	SW1,SW2	SW-SMD_L3.9-W3.0-P4.45		TS-1088-AR02016	XUNPU	C720477	LCSC	SMT
57	1	TPS5430DDAR	U1	ESOP-8_L4.9-W3.9-P1.27-LS6.0-TL-EP		TPS5430DDAR	TI	C9864	LCSC	SMT
58	1	AMS1117-3.3	U2	SOT-223-3_L6.5-W3.4-P2.30-LS7.0-BR		AMS1117-3.3	AMS	C6186	LCSC	SMT
59	1	B2424S-2WR3	U3	PWRM-TH_BXXXXS-2WR3	100kHz	B2424S-2WR3	YLPTEC	C5369487	LCSC	DIP
60	1	RP2350B	U4	QFN-80_L10.0-W10.0-P0.40-TL-EP3.4		RP2350B	Raspberry Pi	C42415655	LCSC	SMT
61	1	W5500	U5	LQFP-48_L7.0-W7.0-P0.50-LS9.0-BL		W5500	WIZNET	C32843	LCSC	SMT
62	1	W25Q128JVSIQ	U6	SOIC-8_L5.3-W5.3-P1.27-LS8.0-BL		W25Q128JVSIQ	Winbond	C97521	LCSC	SMT
63	3	74HC14D,653	U7,U10,U15	SOIC-14_L8.7-W3.9-P1.27-LS6.0-BL		74HC14D,653	Nexperia	C5605	LCSC	SMT
64	10	LTV-217-B-G	U8,U9,U11,U12,U13,U14,U16,U17,U18,U20	SOP-4_L4.4-W2.8-P1.27-LS7.0-BR		LTV-217-B-G	LITEON	C115450	LCSC	SMT
65	3	SP3485EN-L/TR	U19,U21,U22	SOIC-8_L5.0-W4.0-P1.27-LS6.0-BL		SP3485EN-L/TR	MaxLinear	C8963	LCSC	SMT
66	1	LM358DR2G	U23	SOIC-8_L5.0-W4.0-P1.27-LS6.0-BL		LM358DR2G	onsemi	C7950	LCSC	SMT
67	1	TYPE-C-31-M-12	USBC1	USB-C_SMD-TYPE-C-31-M-12_1		TYPE-C-31-M-12	Korean Hanyong	C165948	LCSC	SMT
68	1	25MHz	X1	CRYSTAL-SMD_4P-L3.2-W2.5-BL	25MHz	X322525MOB4SI	YXC	C9006	LCSC	SMT
69	1	12MHz	X2	CRYSTAL-SMD_4P-L3.2-W2.5-BL	12MHz	X322512MSB4SI	YXC	C9002	LCSC	SMT
