Designator	Device	Footprint	Mid X	Mid Y	Ref X	Ref Y	Pad X	Pad Y	Pins	Layer	Rotation	SMD	Comment	Name
"C1"	"0603B103K500NT"	"C0603"	"127.312mm"	"68.793mm"	"127.312mm"	"68.793mm"	"127.312mm"	"68.093mm"	"2"	"T"	"90"	"Yes"	"10nF"	"10nF"
"C3"	"1206B475K500NT"	"C1206"	"136.853mm"	"67.25mm"	"136.853mm"	"67.25mm"	"136.853mm"	"65.657mm"	"2"	"T"	"90"	"Yes"	"4.7uF"	"4.7uF"
"C4"	"1206B475K500NT"	"C1206"	"139.207mm"	"67.25mm"	"139.207mm"	"67.25mm"	"139.207mm"	"65.657mm"	"2"	"T"	"90"	"Yes"	"4.7uF"	"4.7uF"
"C5"	"CL21A226MAQNNNE"	"C0805"	"130.144mm"	"59.055mm"	"130.144mm"	"59.055mm"	"131.144mm"	"59.055mm"	"2"	"T"	"180"	"Yes"	"22uF"	"22uF"
"C6"	"CL21A226MAQNNNE"	"C0805"	"130.144mm"	"57.244mm"	"130.144mm"	"57.244mm"	"131.144mm"	"57.244mm"	"2"	"T"	"180"	"Yes"	"22uF"	"22uF"
"C7"	"KM1E101M0611"	"CAP-TH_BD6.0-P2.50-D0.5-FD"	"118mm"	"57.325mm"	"118mm"	"57.325mm"	"119.25mm"	"57.325mm"	"2"	"T"	"180"	"No"	"100uF"	"100uF"
"C8"	"CL21B104KCFNNNE"	"C0805"	"130.15mm"	"55.425mm"	"130.15mm"	"55.425mm"	"129.15mm"	"55.425mm"	"2"	"T"	"0"	"Yes"	"100nF"	"100nF"
"C9"	"CL10B102KB8NNNC"	"C0603"	"129.243mm"	"61.578mm"	"129.243mm"	"61.578mm"	"129.243mm"	"62.278mm"	"2"	"T"	"270"	"Yes"	"1nF"	"1nF"
"C10"	"GRM21BR61H106KE43L"	"C0805"	"130.175mm"	"51.075mm"	"130.175mm"	"51.075mm"	"131.175mm"	"51.075mm"	"2"	"T"	"180"	"Yes"	"10uF"	"10uF"
"C11"	"CL21B104KCFNNNE"	"C0805"	"130.188mm"	"49.265mm"	"130.188mm"	"49.265mm"	"129.188mm"	"49.265mm"	"2"	"T"	"0"	"Yes"	"100nF"	"100nF"
"C12"	"TAJA106K016RNJ"	"CAP-SMD_L3.2-W1.6-RD-C7171"	"114.472mm"	"49.678mm"	"114.472mm"	"49.678mm"	"116.002mm"	"49.678mm"	"2"	"T"	"180"	"Yes"	"10uF"	"10uF"
"C13"	"TAJA106K016RNJ"	"CAP-SMD_L3.2-W1.6-RD-C7171"	"114.475mm"	"45.775mm"	"114.475mm"	"45.775mm"	"116.005mm"	"45.775mm"	"2"	"T"	"180"	"Yes"	"10uF"	"10uF"
"C14"	"CL21B104KCFNNNE"	"C0805"	"114.75mm"	"47.725mm"	"114.75mm"	"47.725mm"	"115.75mm"	"47.725mm"	"2"	"T"	"180"	"Yes"	"100nF"	"100nF"
"C15"	"GRM21BR61H106KE43L"	"C0805"	"142.55mm"	"77.95mm"	"142.55mm"	"77.95mm"	"142.55mm"	"78.95mm"	"2"	"T"	"270"	"Yes"	"10uF"	"10uF"
"C16"	"CL21B104KCFNNNE"	"C0805"	"140.525mm"	"77.95mm"	"140.525mm"	"77.95mm"	"140.525mm"	"76.95mm"	"2"	"T"	"90"	"Yes"	"100nF"	"100nF"
"C17"	"GRM21BR61H106KE43L"	"C0805"	"134.25mm"	"96.151mm"	"134.25mm"	"96.151mm"	"133.25mm"	"96.151mm"	"2"	"T"	"0"	"Yes"	"10uF"	"10uF"
"C18"	"CL21B104KCFNNNE"	"C0805"	"134.238mm"	"97.96mm"	"134.238mm"	"97.96mm"	"135.238mm"	"97.96mm"	"2"	"T"	"180"	"Yes"	"100nF"	"100nF"
"C19"	"CC0603KRX7R9BB104"	"C0603"	"54.767mm"	"42.77mm"	"54.767mm"	"42.77mm"	"54.767mm"	"42.07mm"	"2"	"T"	"90"	"Yes"	"100nF"	"100nF"
"C20"	"CL10A475KO8NNNC"	"C0603"	"64.4mm"	"54.17mm"	"64.4mm"	"54.17mm"	"65.1mm"	"54.17mm"	"2"	"T"	"180"	"Yes"	"4.7uF"	"4.7uF"
"C21"	"CC0603KRX7R9BB104"	"C0603"	"61.892mm"	"53.345mm"	"61.892mm"	"53.345mm"	"61.892mm"	"54.045mm"	"2"	"T"	"270"	"Yes"	"100nF"	"100nF"
"C22"	"CC0603KRX7R9BB104"	"C0603"	"53.711mm"	"58.391mm"	"53.711mm"	"58.391mm"	"53.711mm"	"59.091mm"	"2"	"T"	"270"	"Yes"	"100nF"	"100nF"
"C23"	"TAJA106K016RNJ"	"CAP-SMD_L3.2-W1.6-RD-C7171"	"62.391mm"	"57.721mm"	"62.391mm"	"57.721mm"	"60.861mm"	"57.721mm"	"2"	"T"	"0"	"Yes"	"10uF"	"10uF"
"C24"	"CC0603KRX7R9BB104"	"C0603"	"53.336mm"	"42.766mm"	"53.336mm"	"42.766mm"	"53.336mm"	"42.066mm"	"2"	"T"	"90"	"Yes"	"100nF"	"100nF"
"C25"	"CC0603KRX7R9BB104"	"C0603"	"56.211mm"	"42.766mm"	"56.211mm"	"42.766mm"	"56.211mm"	"42.066mm"	"2"	"T"	"90"	"Yes"	"100nF"	"100nF"
"C26"	"CC0603KRX7R9BB104"	"C0603"	"60.625mm"	"44.1mm"	"60.625mm"	"44.1mm"	"60.625mm"	"43.4mm"	"2"	"T"	"90"	"Yes"	"100nF"	"100nF"
"C27"	"CC0603KRX7R9BB104"	"C0603"	"62.792mm"	"47.861mm"	"62.792mm"	"47.861mm"	"63.492mm"	"47.861mm"	"2"	"T"	"180"	"Yes"	"100nF"	"100nF"
"C28"	"CC0603KRX7R9BB104"	"C0603"	"58.836mm"	"58.191mm"	"58.836mm"	"58.191mm"	"58.836mm"	"58.891mm"	"2"	"T"	"270"	"Yes"	"100nF"	"100nF"
"C29"	"CC0603KRX7R9BB104"	"C0603"	"55.136mm"	"58.391mm"	"55.136mm"	"58.391mm"	"55.136mm"	"59.091mm"	"2"	"T"	"270"	"Yes"	"100nF"	"100nF"
"C30"	"CC0603KRX7R9BB104"	"C0603"	"50.19mm"	"58.231mm"	"50.19mm"	"58.231mm"	"50.19mm"	"58.931mm"	"2"	"T"	"270"	"Yes"	"100nF"	"100nF"
"C31"	"CC0603KRX7R9BB104"	"C0603"	"48.765mm"	"58.231mm"	"48.765mm"	"58.231mm"	"48.765mm"	"58.931mm"	"2"	"T"	"270"	"Yes"	"100nF"	"100nF"
"C32"	"CC0603KRX7R9BB104"	"C0603"	"45.311mm"	"50.216mm"	"45.311mm"	"50.216mm"	"44.611mm"	"50.216mm"	"2"	"T"	"0"	"Yes"	"100nF"	"100nF"
"C33"	"CC0603KRX7R9BB104"	"C0603"	"45.3mm"	"50.225mm"	"45.3mm"	"50.225mm"	"44.6mm"	"50.225mm"	"2"	"B"	"0"	"Yes"	"100nF"	"100nF"
"C34"	"CC0603KRX7R9BB104"	"C0603"	"45.3mm"	"47mm"	"45.3mm"	"47mm"	"44.6mm"	"47mm"	"2"	"T"	"0"	"Yes"	"100nF"	"100nF"
"C35"	"CL10A105KB8NNNC"	"C0603"	"55.45mm"	"27.75mm"	"55.45mm"	"27.75mm"	"55.45mm"	"27.05mm"	"2"	"T"	"90"	"Yes"	"1uF"	"1uF"
"C36"	"CC0603KRX7R9BB104"	"C0603"	"48.48mm"	"38.13mm"	"48.48mm"	"38.13mm"	"48.48mm"	"38.83mm"	"2"	"T"	"270"	"Yes"	"100nF"	"100nF"
"C37"	"CC0603KRX7R9BB104"	"C0603"	"47.055mm"	"38.13mm"	"47.055mm"	"38.13mm"	"47.055mm"	"38.83mm"	"2"	"T"	"270"	"Yes"	"100nF"	"100nF"
"C38"	"TAJA106K016RNJ"	"CAP-SMD_L3.2-W1.6-RD-C7171"	"43.775mm"	"38.975mm"	"43.775mm"	"38.975mm"	"42.245mm"	"38.975mm"	"2"	"T"	"0"	"Yes"	"10uF"	"10uF"
"C39"	"CC0603KRX7R9BB104"	"C0603"	"39.925mm"	"37.225mm"	"39.925mm"	"37.225mm"	"39.225mm"	"37.225mm"	"2"	"T"	"0"	"Yes"	"100nF"	"100nF"
"C40"	"CL10A105KB8NNNC"	"C0603"	"45.575mm"	"23.35mm"	"45.575mm"	"23.35mm"	"45.575mm"	"22.65mm"	"2"	"T"	"90"	"Yes"	"1uF"	"1uF"
"C41"	"CC0603KRX7R9BB104"	"C0603"	"47.025mm"	"23.35mm"	"47.025mm"	"23.35mm"	"47.025mm"	"22.65mm"	"2"	"T"	"90"	"Yes"	"100nF"	"100nF"
"C42"	"CC0603KRX7R9BB104"	"C0603"	"40.434mm"	"27.105mm"	"40.434mm"	"27.105mm"	"40.434mm"	"26.405mm"	"2"	"T"	"90"	"Yes"	"100nF"	"100nF"
"C43"	"CL10A105KB8NNNC"	"C0603"	"41.86mm"	"26.4mm"	"41.86mm"	"26.4mm"	"41.86mm"	"25.7mm"	"2"	"T"	"90"	"Yes"	"1uF"	"1uF"
"C44"	"CC0603KRX7R9BB104"	"C0603"	"39.759mm"	"31.849mm"	"39.759mm"	"31.849mm"	"39.059mm"	"31.849mm"	"2"	"T"	"0"	"Yes"	"100nF"	"100nF"
"C45"	"CC0603KRX7R9BB104"	"C0603"	"49.825mm"	"23.35mm"	"49.825mm"	"23.35mm"	"49.825mm"	"22.65mm"	"2"	"T"	"90"	"Yes"	"100nF"	"100nF"
"C47"	"CL10A475KO8NNNC"	"C0603"	"47.336mm"	"58.231mm"	"47.336mm"	"58.231mm"	"47.336mm"	"58.931mm"	"2"	"T"	"270"	"Yes"	"4.7uF"	"4.7uF"
"C48"	"CL10A475KO8NNNC"	"C0603"	"47.347mm"	"54.618mm"	"47.347mm"	"54.618mm"	"47.347mm"	"55.318mm"	"2"	"T"	"270"	"Yes"	"4.7uF"	"4.7uF"
"C49"	"CL10A475KO8NNNC"	"C0603"	"45.922mm"	"54.621mm"	"45.922mm"	"54.621mm"	"45.922mm"	"55.321mm"	"2"	"T"	"270"	"Yes"	"4.7uF"	"4.7uF"
"C50"	"CL10B223KB8NNNC"	"C0603"	"29.388mm"	"31.37mm"	"29.388mm"	"31.37mm"	"28.688mm"	"31.37mm"	"2"	"T"	"0"	"Yes"	"22nF"	"22nF"
"C51"	"0603B682K500NT"	"C0603"	"34.33mm"	"30.625mm"	"34.33mm"	"30.625mm"	"33.63mm"	"30.625mm"	"2"	"T"	"0"	"Yes"	"6.8nF"	"6.8nF"
"C52"	"0603B682K500NT"	"C0603"	"34.33mm"	"29.2mm"	"34.33mm"	"29.2mm"	"33.63mm"	"29.2mm"	"2"	"T"	"0"	"Yes"	"6.8nF"	"6.8nF"
"C53"	"CL10C330JB8NNNC"	"C0603"	"66.687mm"	"51.23mm"	"66.687mm"	"51.23mm"	"66.687mm"	"51.93mm"	"2"	"T"	"270"	"Yes"	"33pF"	"33pF"
"C54"	"CC0603KRX7R9BB104"	"C0603"	"34.33mm"	"27.775mm"	"34.33mm"	"27.775mm"	"33.63mm"	"27.775mm"	"2"	"T"	"0"	"Yes"	"100nF"	"100nF"
"C55"	"CL10C180JB8NNNC"	"C0603"	"59mm"	"27.725mm"	"59mm"	"27.725mm"	"59.7mm"	"27.725mm"	"2"	"T"	"180"	"Yes"	"18pF"	"18pF"
"C56"	"CL10C180JB8NNNC"	"C0603"	"61.515mm"	"30.499mm"	"61.515mm"	"30.499mm"	"61.515mm"	"29.799mm"	"2"	"T"	"90"	"Yes"	"18pF"	"18pF"
"C57"	"CL10A475KO8NNNC"	"C0603"	"48.413mm"	"23.353mm"	"48.413mm"	"23.353mm"	"48.413mm"	"22.653mm"	"2"	"T"	"90"	"Yes"	"4.7uF"	"4.7uF"
"C58"	"CC0603KRX7R9BB104"	"C0603"	"51.222mm"	"23.353mm"	"51.222mm"	"23.353mm"	"51.222mm"	"22.653mm"	"2"	"T"	"90"	"Yes"	"100nF"	"100nF"
"C59"	"CL10C330JB8NNNC"	"C0603"	"61.888mm"	"50.555mm"	"61.888mm"	"50.555mm"	"61.888mm"	"49.855mm"	"2"	"T"	"90"	"Yes"	"33pF"	"33pF"
"C60"	"CC0603KRX7R9BB104"	"C0603"	"75.395mm"	"58.05mm"	"75.395mm"	"58.05mm"	"76.095mm"	"58.05mm"	"2"	"T"	"180"	"Yes"	"100nF"	"100nF"
"C61"	"CC3D102KC2IEB46U31MF"	"CAP-TH_L6.8-W2.6-P5.08-D0.6-S2.1"	"4.2mm"	"15.3mm"	"4.2mm"	"15.3mm"	"5.225mm"	"17.842mm"	"2"	"T"	"270"	"No"	"1nF"	"1nF"
"C62"	"CC0603KRX7R9BB104"	"C0603"	"33.166mm"	"49.206mm"	"33.166mm"	"49.206mm"	"32.466mm"	"49.206mm"	"2"	"T"	"0"	"Yes"	"100nF"	"100nF"
"C63"	"CC0603KRX7R9BB104"	"C0603"	"82.052mm"	"22.975mm"	"82.052mm"	"22.975mm"	"82.752mm"	"22.975mm"	"2"	"T"	"180"	"Yes"	"100nF"	"100nF"
"C64"	"CC0603KRX7R9BB104"	"C0603"	"14.725mm"	"88.125mm"	"14.725mm"	"88.125mm"	"15.425mm"	"88.125mm"	"2"	"T"	"180"	"Yes"	"100nF"	"100nF"
"C65"	"CC0603KRX7R9BB104"	"C0603"	"101.727mm"	"22.975mm"	"101.727mm"	"22.975mm"	"102.427mm"	"22.975mm"	"2"	"T"	"180"	"Yes"	"100nF"	"100nF"
"C66"	"CC0603KRX7R9BB104"	"C0603"	"27.016mm"	"88.125mm"	"27.016mm"	"88.125mm"	"27.716mm"	"88.125mm"	"2"	"T"	"180"	"Yes"	"100nF"	"100nF"
"C67"	"CC0603KRX7R9BB104"	"C0603"	"39.288mm"	"88.125mm"	"39.288mm"	"88.125mm"	"39.988mm"	"88.125mm"	"2"	"T"	"180"	"Yes"	"100nF"	"100nF"
"C68"	"CC0603KRX7R9BB104"	"C0603"	"51.567mm"	"88.125mm"	"51.567mm"	"88.125mm"	"52.267mm"	"88.125mm"	"2"	"T"	"180"	"Yes"	"100nF"	"100nF"
"C69"	"TAJA106K016RNJ"	"CAP-SMD_L3.2-W1.6-RD-C7171"	"16.737mm"	"62.546mm"	"16.737mm"	"62.546mm"	"16.737mm"	"64.076mm"	"2"	"T"	"270"	"Yes"	"10uF"	"10uF"
"C70"	"CC0603KRX7R9BB104"	"C0603"	"18.495mm"	"63.03mm"	"18.495mm"	"63.03mm"	"18.495mm"	"62.33mm"	"2"	"T"	"90"	"Yes"	"100nF"	"100nF"
"C71"	"CC0603KRX7R9BB104"	"C0603"	"63.807mm"	"88.125mm"	"63.807mm"	"88.125mm"	"64.507mm"	"88.125mm"	"2"	"T"	"180"	"Yes"	"100nF"	"100nF"
"C72"	"CC0603KRX7R9BB104"	"C0603"	"124.727mm"	"22.9mm"	"124.727mm"	"22.9mm"	"125.427mm"	"22.9mm"	"2"	"T"	"180"	"Yes"	"100nF"	"100nF"
"C73"	"CC0603KRX7R9BB104"	"C0603"	"76.042mm"	"88.125mm"	"76.042mm"	"88.125mm"	"76.742mm"	"88.125mm"	"2"	"T"	"180"	"Yes"	"100nF"	"100nF"
"C74"	"CC0603KRX7R9BB104"	"C0603"	"88.317mm"	"88.125mm"	"88.317mm"	"88.125mm"	"89.017mm"	"88.125mm"	"2"	"T"	"180"	"Yes"	"100nF"	"100nF"
"C75"	"CC0603KRX7R9BB104"	"C0603"	"100.566mm"	"88.125mm"	"100.566mm"	"88.125mm"	"101.266mm"	"88.125mm"	"2"	"T"	"180"	"Yes"	"100nF"	"100nF"
"C76"	"CC0603KRX7R9BB104"	"C0603"	"112.841mm"	"88.125mm"	"112.841mm"	"88.125mm"	"113.541mm"	"88.125mm"	"2"	"T"	"180"	"Yes"	"100nF"	"100nF"
"C77"	"CC0603KRX7R9BB104"	"C0603"	"125.068mm"	"88.125mm"	"125.068mm"	"88.125mm"	"125.768mm"	"88.125mm"	"2"	"T"	"180"	"Yes"	"100nF"	"100nF"
"C78"	"CC0603KRX7R9BB104"	"C0603"	"71.4mm"	"31.3mm"	"71.4mm"	"31.3mm"	"70.7mm"	"31.3mm"	"2"	"T"	"0"	"Yes"	"100nF"	"100nF"
"C79"	"CC0603KRX7R9BB104"	"C0603"	"79.275mm"	"31.2mm"	"79.275mm"	"31.2mm"	"78.575mm"	"31.2mm"	"2"	"T"	"0"	"Yes"	"100nF"	"100nF"
"C80"	"CC0603KRX7R9BB104"	"C0603"	"87.2mm"	"31.175mm"	"87.2mm"	"31.175mm"	"86.5mm"	"31.175mm"	"2"	"T"	"0"	"Yes"	"100nF"	"100nF"
"CARD1"	"TF PUSH"	"TF-SMD_TF-PUSH"	"9.827mm"	"68.38mm"	"9.827mm"	"68.38mm"	"15.127mm"	"66.13mm"	"13"	"T"	"270"	"Yes"	"TF PUSH"	"TF PUSH"
"MH1"	"MH_7.5x3.5mm"	"MH_7.5x3.5m"	"5mm"	"5mm"	"2.529mm"	"5mm"	"5mm"	"5mm"	"1"	"T"	"0"	"No"	"MH_7.5x3.5mm"	"MH_7.5x3.5mm"
"MH2"	"MH_7.5x3.5mm"	"MH_7.5x3.5m"	"145mm"	"5mm"	"145mm"	"5mm"	"145mm"	"5mm"	"1"	"T"	"0"	"No"	"MH_7.5x3.5mm"	"MH_7.5x3.5mm"
"MH3"	"MH_7.5x3.5mm"	"MH_7.5x3.5m"	"5mm"	"95mm"	"5mm"	"95mm"	"5mm"	"95mm"	"1"	"T"	"0"	"No"	"MH_7.5x3.5mm"	"MH_7.5x3.5mm"
"MH4"	"MH_7.5x3.5mm"	"MH_7.5x3.5m"	"145mm"	"95mm"	"145mm"	"95mm"	"145mm"	"95mm"	"1"	"T"	"0"	"No"	"MH_7.5x3.5mm"	"MH_7.5x3.5mm"
"R36"	"0603WAF1002T5E"	"R0603"	"33.132mm"	"43.504mm"	"33.132mm"	"43.504mm"	"32.378mm"	"43.504mm"	"2"	"B"	"0"	"Yes"	"10kΩ"	"10kΩ"
"D1"	"SS54_C22452"	"SMA_L4.4-W2.8-LS5.4-R-RD"	"123.65mm"	"57.725mm"	"123.65mm"	"57.725mm"	"123.65mm"	"60.229mm"	"2"	"T"	"90"	"Yes"	"SS54"	"SS54"
"D2"	"SS34_C8678"	"SMA_L4.3-W2.6-LS5.2-RD"	"17.925mm"	"55.175mm"	"17.925mm"	"55.175mm"	"20.125mm"	"55.175mm"	"2"	"T"	"180"	"Yes"	"SS34"	"SS34"
"D3"	"SS34_C8678"	"SMA_L4.3-W2.6-LS5.2-RD"	"129.65mm"	"72.15mm"	"129.65mm"	"72.15mm"	"127.45mm"	"72.15mm"	"2"	"T"	"0"	"Yes"	"SS34"	"SS34"
"D4"	"PSM712-LF-T7_C32677"	"SOT-23-3_L3.0-W1.7-P0.95-LS2.9-BR"	"31mm"	"13.05mm"	"31mm"	"13.05mm"	"30.05mm"	"11.949mm"	"3"	"T"	"270"	"Yes"	"PSM712-LF-T7"	"PSM712-LF-T7"
"D5"	"PSM712-LF-T7_C32677"	"SOT-23-3_L3.0-W1.7-P0.95-LS2.9-BR"	"44.925mm"	"13.025mm"	"44.925mm"	"13.025mm"	"43.975mm"	"11.924mm"	"3"	"T"	"270"	"Yes"	"PSM712-LF-T7"	"PSM712-LF-T7"
"D6"	"PSM712-LF-T7_C32677"	"SOT-23-3_L3.0-W1.7-P0.95-LS2.9-BR"	"51.875mm"	"13.05mm"	"51.875mm"	"13.05mm"	"50.925mm"	"11.949mm"	"3"	"T"	"270"	"Yes"	"PSM712-LF-T7"	"PSM712-LF-T7"
"H1"	"PZ254V-11-04P"	"HDR-TH_4P-P2.54-V-M"	"69.375mm"	"62.575mm"	"69.375mm"	"62.575mm"	"65.565mm"	"62.575mm"	"4"	"T"	"0"	"No"	"PZ254V-11-04P"	"PZ254V-11-04P"
"L1"	"CYA1040-22UH"	"IND-SMD_L11.6-W10.1"	"119.906mm"	"67.481mm"	"119.906mm"	"67.481mm"	"119.906mm"	"72.281mm"	"2"	"T"	"270"	"Yes"	"22uH"	"22uH"
"L2"	"BLM18PG121SN1D_C14709"	"L0603"	"44.25mm"	"37.225mm"	"44.25mm"	"37.225mm"	"44.95mm"	"37.225mm"	"2"	"T"	"180"	"Yes"	"BLM18PG121SN1D"	"BLM18PG121SN1D"
"L3"	"AOTA-B201610S3R3-101-T"	"IND-SMD_L2.0-W1.6_AOTA-B201610S3R3-101-T"	"43.711mm"	"54.836mm"	"43.711mm"	"54.836mm"	"43.711mm"	"55.836mm"	"2"	"T"	"270"	"Yes"	"3.3uH"	"3.3uH"
"LED1"	"KT-0805G"	"LED0805-R-RD"	"145.95mm"	"78.95mm"	"145.95mm"	"78.95mm"	"147mm"	"78.95mm"	"2"	"T"	"0"	"Yes"	"KT-0805G"	"KT-0805G"
"LED2"	"KT-0805G"	"LED0805-R-RD"	"135.75mm"	"61.35mm"	"135.75mm"	"61.35mm"	"136.8mm"	"61.35mm"	"2"	"T"	"0"	"Yes"	"KT-0805G"	"KT-0805G"
"LED3"	"KT-0805G"	"LED0805-R-RD"	"112.975mm"	"53.7mm"	"112.975mm"	"53.7mm"	"112.975mm"	"54.75mm"	"2"	"T"	"90"	"Yes"	"KT-0805G"	"KT-0805G"
"LED4"	"KT-0805G"	"LED0805-R-RD"	"19mm"	"57.925mm"	"19mm"	"57.925mm"	"17.95mm"	"57.925mm"	"2"	"T"	"180"	"Yes"	"KT-0805G"	"KT-0805G"
"LED5"	"KT-0805G"	"LED0805-R-RD"	"145.711mm"	"87.862mm"	"145.711mm"	"87.862mm"	"145.711mm"	"88.912mm"	"2"	"T"	"90"	"Yes"	"KT-0805G"	"KT-0805G"
"R1"	"0603WAF5101T5E"	"R0603"	"10.675mm"	"53.8mm"	"10.675mm"	"53.8mm"	"11.428mm"	"53.8mm"	"2"	"T"	"180"	"Yes"	"5.1kΩ"	"5.1kΩ"
"R2"	"0603WAF6801T5E"	"R0603"	"127.413mm"	"64.552mm"	"127.413mm"	"64.552mm"	"127.413mm"	"65.305mm"	"2"	"T"	"270"	"Yes"	"6.8kΩ"	"6.8kΩ"
"R3"	"0603WAF1501T5E"	"R0603"	"127.4mm"	"61.575mm"	"127.4mm"	"61.575mm"	"127.4mm"	"60.822mm"	"2"	"T"	"90"	"Yes"	"1.5kΩ"	"1.5kΩ"
"R5"	"0603WAF5101T5E"	"R0603"	"10.675mm"	"50.675mm"	"10.675mm"	"50.675mm"	"11.428mm"	"50.675mm"	"2"	"T"	"180"	"Yes"	"5.1kΩ"	"5.1kΩ"
"R6"	"0603WAF1002T5E"	"R0603"	"10.675mm"	"57.322mm"	"10.675mm"	"57.322mm"	"11.428mm"	"57.322mm"	"2"	"T"	"180"	"Yes"	"10kΩ"	"10kΩ"
"R7"	"0603WAF2001T5E"	"R0603"	"130.067mm"	"63.781mm"	"130.067mm"	"63.781mm"	"130.82mm"	"63.781mm"	"2"	"T"	"180"	"Yes"	"2kΩ"	"2kΩ"
"R8"	"0603WAF1002T5E"	"R0603"	"10.672mm"	"55.825mm"	"10.672mm"	"55.825mm"	"9.918mm"	"55.825mm"	"2"	"T"	"0"	"Yes"	"10kΩ"	"10kΩ"
"R9"	"0603WAF1002T5E"	"R0603"	"146.24mm"	"76.946mm"	"146.24mm"	"76.946mm"	"146.993mm"	"76.946mm"	"2"	"T"	"180"	"Yes"	"10kΩ"	"10kΩ"
"R10"	"0603WAF1001T5E"	"R0603"	"136.35mm"	"58.275mm"	"136.35mm"	"58.275mm"	"137.103mm"	"58.275mm"	"2"	"T"	"180"	"Yes"	"1kΩ"	"1kΩ"
"R11"	"0603WAF1001T5E"	"R0603"	"115.05mm"	"53.125mm"	"115.05mm"	"53.125mm"	"115.05mm"	"53.878mm"	"2"	"T"	"270"	"Yes"	"1kΩ"	"1kΩ"
"R12"	"0603WAF1001T5E"	"R0603"	"15.372mm"	"57.928mm"	"15.372mm"	"57.928mm"	"16.125mm"	"57.928mm"	"2"	"T"	"180"	"Yes"	"1kΩ"	"1kΩ"
"R13"	"1206W4F4701T5E"	"R1206"	"142.15mm"	"86.669mm"	"142.15mm"	"86.669mm"	"140.672mm"	"86.669mm"	"2"	"T"	"0"	"Yes"	"4.7kΩ"	"4.7kΩ"
"R14"	"1206W4F4701T5E"	"R1206"	"142.15mm"	"88.827mm"	"142.15mm"	"88.827mm"	"140.672mm"	"88.827mm"	"2"	"T"	"0"	"Yes"	"4.7kΩ"	"4.7kΩ"
"R15"	"0603WAF330JT5E"	"R0603"	"45.96mm"	"58.23mm"	"45.96mm"	"58.23mm"	"45.96mm"	"58.983mm"	"2"	"T"	"270"	"Yes"	"33Ω"	"33Ω"
"R16"	"0603WAF100JT5E"	"R0603"	"29.387mm"	"32.751mm"	"29.387mm"	"32.751mm"	"28.634mm"	"32.751mm"	"2"	"T"	"0"	"Yes"	"10Ω"	"10Ω"
"R17"	"0603WAF4701T5E"	"R0603"	"49.855mm"	"38.134mm"	"49.855mm"	"38.134mm"	"49.855mm"	"37.38mm"	"2"	"T"	"90"	"Yes"	"4.7kΩ"	"4.7kΩ"
"R18"	"0603WAF499JT5E_C23185"	"R0603"	"36.997mm"	"33.221mm"	"36.997mm"	"33.221mm"	"37.75mm"	"33.221mm"	"2"	"T"	"180"	"Yes"	"49.9Ω"	"49.9Ω"
"R19"	"0603WAF499JT5E_C23185"	"R0603"	"36.988mm"	"34.558mm"	"36.988mm"	"34.558mm"	"37.741mm"	"34.558mm"	"2"	"T"	"180"	"Yes"	"49.9Ω"	"49.9Ω"
"R20"	"0603WAF4701T5E"	"R0603"	"52.825mm"	"35.7mm"	"52.825mm"	"35.7mm"	"52.825mm"	"34.947mm"	"2"	"T"	"90"	"Yes"	"4.7kΩ"	"4.7kΩ"
"R21"	"0603WAF4701T5E"	"R0603"	"57.957mm"	"35.893mm"	"57.957mm"	"35.893mm"	"57.203mm"	"35.893mm"	"2"	"T"	"0"	"Yes"	"4.7kΩ"	"4.7kΩ"
"R22"	"0603WAF470KT5E"	"R0603"	"39.763mm"	"34.546mm"	"39.763mm"	"34.546mm"	"39.01mm"	"34.546mm"	"2"	"T"	"0"	"Yes"	"4.7Ω"	"4.7Ω"
"R23"	"0603WAF470KT5E"	"R0603"	"39.763mm"	"33.222mm"	"39.763mm"	"33.222mm"	"39.01mm"	"33.222mm"	"2"	"T"	"0"	"Yes"	"4.7Ω"	"4.7Ω"
"R24"	"0603WAF470KT5E"	"R0603"	"39.763mm"	"30.478mm"	"39.763mm"	"30.478mm"	"39.01mm"	"30.478mm"	"2"	"T"	"0"	"Yes"	"4.7Ω"	"4.7Ω"
"R25"	"0603WAF470KT5E"	"R0603"	"39.763mm"	"29.155mm"	"39.763mm"	"29.155mm"	"39.01mm"	"29.155mm"	"2"	"T"	"0"	"Yes"	"4.7Ω"	"4.7Ω"
"R26"	"0603WAF499JT5E_C23185"	"R0603"	"36.38mm"	"29.241mm"	"36.38mm"	"29.241mm"	"36.38mm"	"28.487mm"	"2"	"T"	"90"	"Yes"	"49.9Ω"	"49.9Ω"
"R27"	"0603WAF499JT5E_C23185"	"R0603"	"37.703mm"	"28.446mm"	"37.703mm"	"28.446mm"	"37.703mm"	"27.693mm"	"2"	"T"	"90"	"Yes"	"49.9Ω"	"49.9Ω"
"R28"	"0603WAF1004T5E"	"R0603"	"55.45mm"	"30.7mm"	"55.45mm"	"30.7mm"	"55.45mm"	"29.946mm"	"2"	"T"	"90"	"Yes"	"1MΩ"	"1MΩ"
"R29"	"0603WAF0000T5E"	"R0603"	"57.943mm"	"33.875mm"	"57.943mm"	"33.875mm"	"58.697mm"	"33.875mm"	"2"	"T"	"180"	"Yes"	"0Ω"	"0Ω"
"R30"	"RC0603FR-0712K4L"	"R0603"	"43.235mm"	"25.672mm"	"43.235mm"	"25.672mm"	"43.235mm"	"24.918mm"	"2"	"T"	"90"	"Yes"	"12.4kΩ"	"12.4kΩ"
"R31"	"0603WAF1002T5E"	"R0603"	"75.398mm"	"59.422mm"	"75.398mm"	"59.422mm"	"76.152mm"	"59.422mm"	"2"	"T"	"180"	"Yes"	"10kΩ"	"10kΩ"
"R32"	"0603WAF3300T5E"	"R0603"	"18.5mm"	"40.932mm"	"18.5mm"	"40.932mm"	"17.747mm"	"40.932mm"	"2"	"T"	"0"	"Yes"	"330Ω"	"330Ω"
"C81"	"CC0603KRX7R9BB104"	"C0603"	"119.997mm"	"34.172mm"	"119.997mm"	"34.172mm"	"119.997mm"	"34.872mm"	"2"	"T"	"270"	"Yes"	"100nF"	"100nF"
"R35"	"1206W4F1004T5E"	"R1206"	"8.561mm"	"44.015mm"	"8.561mm"	"44.015mm"	"7.082mm"	"44.015mm"	"2"	"T"	"0"	"Yes"	"1MΩ"	"1MΩ"
"R37"	"0603WAF1002T5E"	"R0603"	"33.165mm"	"44.834mm"	"33.165mm"	"44.834mm"	"32.412mm"	"44.834mm"	"2"	"T"	"0"	"Yes"	"10kΩ"	"10kΩ"
"R38"	"0603WAF1002T5E"	"R0603"	"33.174mm"	"47.829mm"	"33.174mm"	"47.829mm"	"32.421mm"	"47.829mm"	"2"	"T"	"0"	"Yes"	"10kΩ"	"10kΩ"
"R39"	"0603WAF3300T5E"	"R0603"	"18.5mm"	"22.25mm"	"18.5mm"	"22.25mm"	"19.253mm"	"22.25mm"	"2"	"T"	"180"	"Yes"	"330Ω"	"330Ω"
"R40"	"0603WAF1001T5E"	"R0603"	"33.159mm"	"43.497mm"	"33.159mm"	"43.497mm"	"32.406mm"	"43.497mm"	"2"	"T"	"0"	"Yes"	"1kΩ"	"1kΩ"
"R41"	"0603WAF330JT5E"	"R0603"	"71.775mm"	"21.125mm"	"71.775mm"	"21.125mm"	"71.022mm"	"21.125mm"	"2"	"T"	"0"	"Yes"	"33Ω"	"33Ω"
"R42"	"0603WAF3300T5E"	"R0603"	"68.052mm"	"10.575mm"	"68.052mm"	"10.575mm"	"67.298mm"	"10.575mm"	"2"	"T"	"0"	"Yes"	"330Ω"	"330Ω"
"R43"	"0603WAF330JT5E"	"R0603"	"83.725mm"	"19.85mm"	"83.725mm"	"19.85mm"	"82.972mm"	"19.85mm"	"2"	"T"	"0"	"Yes"	"33Ω"	"33Ω"
"R44"	"0603WAF330JT5E"	"R0603"	"71.775mm"	"18.575mm"	"71.775mm"	"18.575mm"	"71.022mm"	"18.575mm"	"2"	"T"	"0"	"Yes"	"33Ω"	"33Ω"
"R45"	"0603WAF3300T5E"	"R0603"	"138.25mm"	"24.299mm"	"138.25mm"	"24.299mm"	"137.497mm"	"24.299mm"	"2"	"T"	"0"	"Yes"	"330Ω"	"330Ω"
"R46"	"0603WAF3300T5E"	"R0603"	"82.325mm"	"10.575mm"	"82.325mm"	"10.575mm"	"83.078mm"	"10.575mm"	"2"	"T"	"180"	"Yes"	"330Ω"	"330Ω"
"R47"	"0603WAF330JT5E"	"R0603"	"83.725mm"	"17.3mm"	"83.725mm"	"17.3mm"	"82.972mm"	"17.3mm"	"2"	"T"	"0"	"Yes"	"33Ω"	"33Ω"
"R48"	"0603WAF1002T5E"	"R0603"	"83.725mm"	"21.375mm"	"83.725mm"	"21.375mm"	"84.478mm"	"21.375mm"	"2"	"T"	"180"	"Yes"	"10kΩ"	"10kΩ"
"R49"	"0603WAF330JT5E"	"R0603"	"71.775mm"	"16.05mm"	"71.775mm"	"16.05mm"	"71.022mm"	"16.05mm"	"2"	"T"	"0"	"Yes"	"33Ω"	"33Ω"
"R50"	"0603WAF3300T5E"	"R0603"	"129.545mm"	"10.575mm"	"129.545mm"	"10.575mm"	"128.792mm"	"10.575mm"	"2"	"T"	"0"	"Yes"	"330Ω"	"330Ω"
"R51"	"0603WAF3300T5E"	"R0603"	"98.055mm"	"10.575mm"	"98.055mm"	"10.575mm"	"98.808mm"	"10.575mm"	"2"	"T"	"180"	"Yes"	"330Ω"	"330Ω"
"R52"	"0603WAF330JT5E"	"R0603"	"83.725mm"	"14.775mm"	"83.725mm"	"14.775mm"	"82.972mm"	"14.775mm"	"2"	"T"	"0"	"Yes"	"33Ω"	"33Ω"
"R53"	"0603WAF3300T5E"	"R0603"	"113.852mm"	"10.575mm"	"113.852mm"	"10.575mm"	"113.098mm"	"10.575mm"	"2"	"T"	"0"	"Yes"	"330Ω"	"330Ω"
"R54"	"0603WAF1002T5E"	"R0603"	"18.405mm"	"79.002mm"	"18.405mm"	"79.002mm"	"19.158mm"	"79.002mm"	"2"	"T"	"180"	"Yes"	"10kΩ"	"10kΩ"
"R55"	"0805W8F5601T5E"	"R0805"	"11.05mm"	"86.4mm"	"11.05mm"	"86.4mm"	"10.05mm"	"86.4mm"	"2"	"T"	"0"	"Yes"	"5.6kΩ"	"5.6kΩ"
"R56"	"0603WAF1002T5E"	"R0603"	"30.725mm"	"79.002mm"	"30.725mm"	"79.002mm"	"31.478mm"	"79.002mm"	"2"	"T"	"180"	"Yes"	"10kΩ"	"10kΩ"
"R57"	"0603WAF330JT5E"	"R0603"	"91.725mm"	"21.15mm"	"91.725mm"	"21.15mm"	"90.972mm"	"21.15mm"	"2"	"T"	"0"	"Yes"	"33Ω"	"33Ω"
"R58"	"0805W8F5601T5E"	"R0805"	"23.3mm"	"86.4mm"	"23.3mm"	"86.4mm"	"22.3mm"	"86.4mm"	"2"	"T"	"0"	"Yes"	"5.6kΩ"	"5.6kΩ"
"R59"	"0603WAF1002T5E"	"R0603"	"42.995mm"	"79.002mm"	"42.995mm"	"79.002mm"	"43.748mm"	"79.002mm"	"2"	"T"	"180"	"Yes"	"10kΩ"	"10kΩ"
"R60"	"0603WAF3300T5E"	"R0603"	"71.555mm"	"10.575mm"	"71.555mm"	"10.575mm"	"70.802mm"	"10.575mm"	"2"	"T"	"0"	"Yes"	"330Ω"	"330Ω"
"R61"	"0603WAF330JT5E"	"R0603"	"103.398mm"	"19.865mm"	"103.398mm"	"19.865mm"	"102.644mm"	"19.865mm"	"2"	"T"	"0"	"Yes"	"33Ω"	"33Ω"
"R62"	"0603WAF330JT5E"	"R0603"	"91.725mm"	"18.625mm"	"91.725mm"	"18.625mm"	"90.972mm"	"18.625mm"	"2"	"T"	"0"	"Yes"	"33Ω"	"33Ω"
"R63"	"0603WAF3300T5E"	"R0603"	"138.2mm"	"20.799mm"	"138.2mm"	"20.799mm"	"137.447mm"	"20.799mm"	"2"	"T"	"0"	"Yes"	"330Ω"	"330Ω"
"R64"	"0603WAF3300T5E"	"R0603"	"87.327mm"	"10.575mm"	"87.327mm"	"10.575mm"	"86.573mm"	"10.575mm"	"2"	"T"	"0"	"Yes"	"330Ω"	"330Ω"
"R65"	"0603WAF330JT5E"	"R0603"	"103.398mm"	"17.325mm"	"103.398mm"	"17.325mm"	"102.644mm"	"17.325mm"	"2"	"T"	"0"	"Yes"	"33Ω"	"33Ω"
"R66"	"0603WAF1002T5E"	"R0603"	"103.398mm"	"21.378mm"	"103.398mm"	"21.378mm"	"104.151mm"	"21.378mm"	"2"	"T"	"180"	"Yes"	"10kΩ"	"10kΩ"
"R67"	"0603WAF330JT5E"	"R0603"	"91.725mm"	"16.025mm"	"91.725mm"	"16.025mm"	"90.972mm"	"16.025mm"	"2"	"T"	"0"	"Yes"	"33Ω"	"33Ω"
"R68"	"0603WAF3300T5E"	"R0603"	"133.088mm"	"10.575mm"	"133.088mm"	"10.575mm"	"132.335mm"	"10.575mm"	"2"	"T"	"0"	"Yes"	"330Ω"	"330Ω"
"R69"	"0805W8F5601T5E"	"R0805"	"35.575mm"	"86.4mm"	"35.575mm"	"86.4mm"	"34.575mm"	"86.4mm"	"2"	"T"	"0"	"Yes"	"5.6kΩ"	"5.6kΩ"
"R70"	"0603WAF1002T5E"	"R0603"	"55.275mm"	"79.002mm"	"55.275mm"	"79.002mm"	"56.028mm"	"79.002mm"	"2"	"T"	"180"	"Yes"	"10kΩ"	"10kΩ"
"R71"	"0603WAF3300T5E"	"R0603"	"101.562mm"	"10.575mm"	"101.562mm"	"10.575mm"	"102.315mm"	"10.575mm"	"2"	"T"	"180"	"Yes"	"330Ω"	"330Ω"
"R72"	"0603WAF330JT5E"	"R0603"	"103.398mm"	"14.8mm"	"103.398mm"	"14.8mm"	"102.644mm"	"14.8mm"	"2"	"T"	"0"	"Yes"	"33Ω"	"33Ω"
"R73"	"0603WAF3300T5E"	"R0603"	"117.327mm"	"10.575mm"	"117.327mm"	"10.575mm"	"116.573mm"	"10.575mm"	"2"	"T"	"0"	"Yes"	"330Ω"	"330Ω"
"R74"	"0805W8F5601T5E"	"R0805"	"47.817mm"	"86.4mm"	"47.817mm"	"86.4mm"	"46.817mm"	"86.4mm"	"2"	"T"	"0"	"Yes"	"5.6kΩ"	"5.6kΩ"
"R75"	"0603WAF1002T5E"	"R0603"	"20.041mm"	"65.317mm"	"20.041mm"	"65.317mm"	"20.041mm"	"64.563mm"	"2"	"T"	"90"	"Yes"	"10kΩ"	"10kΩ"
"R76"	"0603WAF1002T5E"	"R0603"	"21.514mm"	"65.317mm"	"21.514mm"	"65.317mm"	"21.514mm"	"64.563mm"	"2"	"T"	"90"	"Yes"	"10kΩ"	"10kΩ"
"R77"	"0603WAF1002T5E"	"R0603"	"23.014mm"	"75.739mm"	"23.014mm"	"75.739mm"	"23.014mm"	"76.492mm"	"2"	"T"	"270"	"Yes"	"10kΩ"	"10kΩ"
"R78"	"0603WAF1002T5E"	"R0603"	"23.014mm"	"65.317mm"	"23.014mm"	"65.317mm"	"23.014mm"	"64.563mm"	"2"	"T"	"90"	"Yes"	"10kΩ"	"10kΩ"
"R79"	"0603WAF1002T5E"	"R0603"	"21.514mm"	"75.743mm"	"21.514mm"	"75.743mm"	"21.514mm"	"76.496mm"	"2"	"T"	"270"	"Yes"	"10kΩ"	"10kΩ"
"R80"	"0603WAF1002T5E"	"R0603"	"20.015mm"	"75.743mm"	"20.015mm"	"75.743mm"	"20.015mm"	"76.496mm"	"2"	"T"	"270"	"Yes"	"10kΩ"	"10kΩ"
"R81"	"0603WAF1002T5E"	"R0603"	"18.517mm"	"75.743mm"	"18.517mm"	"75.743mm"	"18.517mm"	"76.496mm"	"2"	"T"	"270"	"Yes"	"10kΩ"	"10kΩ"
"R82"	"0603WAF1002T5E"	"R0603"	"67.5mm"	"79.002mm"	"67.5mm"	"79.002mm"	"68.253mm"	"79.002mm"	"2"	"T"	"180"	"Yes"	"10kΩ"	"10kΩ"
"R83"	"0805W8F5601T5E"	"R0805"	"60.068mm"	"86.4mm"	"60.068mm"	"86.4mm"	"59.068mm"	"86.4mm"	"2"	"T"	"0"	"Yes"	"5.6kΩ"	"5.6kΩ"
"R84"	"0603WAF1002T5E"	"R0603"	"79.75mm"	"79.002mm"	"79.75mm"	"79.002mm"	"80.503mm"	"79.002mm"	"2"	"T"	"180"	"Yes"	"10kΩ"	"10kΩ"
"R85"	"0603WAF330JT5E"	"R0603"	"114.352mm"	"21.15mm"	"114.352mm"	"21.15mm"	"113.598mm"	"21.15mm"	"2"	"T"	"0"	"Yes"	"33Ω"	"33Ω"
"R86"	"0603WAF3300T5E"	"R0603"	"75.112mm"	"10.575mm"	"75.112mm"	"10.575mm"	"74.358mm"	"10.575mm"	"2"	"T"	"0"	"Yes"	"330Ω"	"330Ω"
"R87"	"0603WAF330JT5E"	"R0603"	"126.409mm"	"19.847mm"	"126.409mm"	"19.847mm"	"125.656mm"	"19.847mm"	"2"	"T"	"0"	"Yes"	"33Ω"	"33Ω"
"R88"	"0805W8F5601T5E"	"R0805"	"72.364mm"	"86.4mm"	"72.364mm"	"86.4mm"	"71.364mm"	"86.4mm"	"2"	"T"	"0"	"Yes"	"5.6kΩ"	"5.6kΩ"
"R89"	"0603WAF1002T5E"	"R0603"	"92mm"	"79.002mm"	"92mm"	"79.002mm"	"92.753mm"	"79.002mm"	"2"	"T"	"180"	"Yes"	"10kΩ"	"10kΩ"
"R90"	"0603WAF330JT5E"	"R0603"	"114.352mm"	"18.6mm"	"114.352mm"	"18.6mm"	"113.598mm"	"18.6mm"	"2"	"T"	"0"	"Yes"	"33Ω"	"33Ω"
"R91"	"0603WAF3300T5E"	"R0603"	"138.2mm"	"17.299mm"	"138.2mm"	"17.299mm"	"137.447mm"	"17.299mm"	"2"	"T"	"0"	"Yes"	"330Ω"	"330Ω"
"R92"	"0603WAF3300T5E"	"R0603"	"90.827mm"	"10.575mm"	"90.827mm"	"10.575mm"	"90.073mm"	"10.575mm"	"2"	"T"	"0"	"Yes"	"330Ω"	"330Ω"
"R93"	"0603WAF330JT5E"	"R0603"	"126.409mm"	"17.288mm"	"126.409mm"	"17.288mm"	"125.656mm"	"17.288mm"	"2"	"T"	"0"	"Yes"	"33Ω"	"33Ω"
"R94"	"0603WAF330JT5E"	"R0603"	"114.352mm"	"16.074mm"	"114.352mm"	"16.074mm"	"113.598mm"	"16.074mm"	"2"	"T"	"0"	"Yes"	"33Ω"	"33Ω"
"R95"	"0603WAF3300T5E"	"R0603"	"136.584mm"	"10.575mm"	"136.584mm"	"10.575mm"	"135.831mm"	"10.575mm"	"2"	"T"	"0"	"Yes"	"330Ω"	"330Ω"
"R96"	"0603WAF3300T5E"	"R0603"	"106.55mm"	"10.575mm"	"106.55mm"	"10.575mm"	"105.797mm"	"10.575mm"	"2"	"T"	"0"	"Yes"	"330Ω"	"330Ω"
"R97"	"0603WAF330JT5E"	"R0603"	"126.409mm"	"14.799mm"	"126.409mm"	"14.799mm"	"125.656mm"	"14.799mm"	"2"	"T"	"0"	"Yes"	"33Ω"	"33Ω"
"R98"	"0805W8F5601T5E"	"R0805"	"84.525mm"	"86.4mm"	"84.525mm"	"86.4mm"	"83.525mm"	"86.4mm"	"2"	"T"	"0"	"Yes"	"5.6kΩ"	"5.6kΩ"
"R99"	"0603WAF1002T5E"	"R0603"	"104.275mm"	"79.002mm"	"104.275mm"	"79.002mm"	"105.028mm"	"79.002mm"	"2"	"T"	"180"	"Yes"	"10kΩ"	"10kΩ"
"R100"	"0603WAF3300T5E"	"R0603"	"122.333mm"	"10.575mm"	"122.333mm"	"10.575mm"	"123.087mm"	"10.575mm"	"2"	"T"	"180"	"Yes"	"330Ω"	"330Ω"
"R101"	"0603WAF1002T5E"	"R0603"	"110.733mm"	"21.15mm"	"110.733mm"	"21.15mm"	"111.487mm"	"21.15mm"	"2"	"T"	"180"	"Yes"	"10kΩ"	"10kΩ"
"R102"	"0603WAF1002T5E"	"R0603"	"110.733mm"	"18.6mm"	"110.733mm"	"18.6mm"	"111.487mm"	"18.6mm"	"2"	"T"	"180"	"Yes"	"10kΩ"	"10kΩ"
"R103"	"0603WAF1002T5E"	"R0603"	"110.733mm"	"16.05mm"	"110.733mm"	"16.05mm"	"111.487mm"	"16.05mm"	"2"	"T"	"180"	"Yes"	"10kΩ"	"10kΩ"
"R104"	"0603WAF1002T5E"	"R0603"	"130.245mm"	"14.783mm"	"130.245mm"	"14.783mm"	"129.492mm"	"14.783mm"	"2"	"T"	"0"	"Yes"	"10kΩ"	"10kΩ"
"R105"	"0603WAF1002T5E"	"R0603"	"130.245mm"	"17.283mm"	"130.245mm"	"17.283mm"	"129.492mm"	"17.283mm"	"2"	"T"	"0"	"Yes"	"10kΩ"	"10kΩ"
"R106"	"0603WAF1002T5E"	"R0603"	"126.409mm"	"21.351mm"	"126.409mm"	"21.351mm"	"127.163mm"	"21.351mm"	"2"	"T"	"180"	"Yes"	"10kΩ"	"10kΩ"
"R107"	"0805W8F5601T5E"	"R0805"	"96.8mm"	"86.4mm"	"96.8mm"	"86.4mm"	"95.8mm"	"86.4mm"	"2"	"T"	"0"	"Yes"	"5.6kΩ"	"5.6kΩ"
"R108"	"0603WAF1002T5E"	"R0603"	"116.5mm"	"79.002mm"	"116.5mm"	"79.002mm"	"117.253mm"	"79.002mm"	"2"	"T"	"180"	"Yes"	"10kΩ"	"10kΩ"
"R109"	"0805W8F5601T5E"	"R0805"	"109.075mm"	"86.4mm"	"109.075mm"	"86.4mm"	"108.075mm"	"86.4mm"	"2"	"T"	"0"	"Yes"	"5.6kΩ"	"5.6kΩ"
"R110"	"0603WAF1002T5E"	"R0603"	"128.75mm"	"79.002mm"	"128.75mm"	"79.002mm"	"129.503mm"	"79.002mm"	"2"	"T"	"180"	"Yes"	"10kΩ"	"10kΩ"
"R111"	"0603WAF1200T5E"	"R0603"	"31mm"	"10.4mm"	"31mm"	"10.4mm"	"30.247mm"	"10.4mm"	"2"	"T"	"0"	"Yes"	"120Ω"	"120Ω"
"R112"	"0805W8F5601T5E"	"R0805"	"121.325mm"	"86.4mm"	"121.325mm"	"86.4mm"	"120.325mm"	"86.4mm"	"2"	"T"	"0"	"Yes"	"5.6kΩ"	"5.6kΩ"
"R113"	"0603WAF1200T5E"	"R0603"	"51.85mm"	"10.45mm"	"51.85mm"	"10.45mm"	"51.097mm"	"10.45mm"	"2"	"T"	"0"	"Yes"	"120Ω"	"120Ω"
"RJ1"	"J1B1211CCD"	"RJ45-TH_J1B1211CCD"	"12.782mm"	"31.649mm"	"12.782mm"	"31.649mm"	"17.227mm"	"36.094mm"	"14"	"T"	"270"	"No"	"J1B1211CCD"	"J1B1211CCD"
"SW1"	"TS-1088-AR02016"	"SW-SMD_L3.9-W3.0-P4.45"	"69.45mm"	"58.825mm"	"69.45mm"	"58.825mm"	"71.635mm"	"58.825mm"	"2"	"T"	"180"	"Yes"	"TS-1088-AR02016"	"TS-1088-AR02016"
"SW2"	"TS-1088-AR02016"	"SW-SMD_L3.9-W3.0-P4.45"	"30.225mm"	"41.1mm"	"30.225mm"	"41.1mm"	"28.04mm"	"41.1mm"	"2"	"T"	"0"	"Yes"	"TS-1088-AR02016"	"TS-1088-AR02016"
"U1"	"TPS5430DDAR"	"ESOP-8_L4.9-W3.9-P1.27-LS6.0-TL-EP"	"131.735mm"	"67.25mm"	"131.735mm"	"67.25mm"	"129.035mm"	"69.155mm"	"9"	"T"	"0"	"Yes"	"TPS5430DDAR"	"TPS5430DDAR"
"U2"	"AMS1117-3.3_C6186"	"SOT-223-3_L6.5-W3.4-P2.30-LS7.0-BR"	"122.275mm"	"47.725mm"	"122.275mm"	"47.725mm"	"125.245mm"	"45.425mm"	"4"	"T"	"0"	"Yes"	"AMS1117-3.3"	"AMS1117-3.3"
"U3"	"B2424S-2WR3_C5369487"	"PWRM-TH_BXXXXS-2WR3"	"133.171mm"	"83.85mm"	"133.171mm"	"83.85mm"	"133.171mm"	"77.5mm"	"4"	"T"	"90"	"No"	"100kHz"	"100kHz"
"U4"	"RP2350B_C42415655"	"QFN-80_L10.0-W10.0-P0.40-TL-EP3.4"	"53.986mm"	"50.491mm"	"53.986mm"	"50.491mm"	"50.186mm"	"45.584mm"	"81"	"T"	"90"	"Yes"	"RP2350B"	"RP2350B"
"U5"	"W5500"	"LQFP-48_L7.0-W7.0-P0.50-LS9.0-BL"	"48.375mm"	"30.8mm"	"48.375mm"	"30.8mm"	"44.125mm"	"33.55mm"	"48"	"T"	"270"	"Yes"	"W5500"	"W5500"
"U6"	"W25Q128JVSIQ"	"SOIC-8_L5.3-W5.3-P1.27-LS8.0-BL"	"37.625mm"	"46.3mm"	"37.625mm"	"46.3mm"	"35.72mm"	"42.77mm"	"8"	"T"	"0"	"Yes"	"W25Q128JVSIQ"	"W25Q128JVSIQ"
"U7"	"74HC14D-653"	"SOIC-14_L8.7-W3.9-P1.27-LS6.0-BL"	"77.65mm"	"17.325mm"	"77.65mm"	"17.325mm"	"75.031mm"	"21.135mm"	"14"	"T"	"270"	"Yes"	"74HC14D,653"	"74HC14D,653"
"U8"	"LTV-217-B-G"	"SOP-4_L4.4-W2.8-P1.27-LS7.0-BR"	"14.725mm"	"82.5mm"	"14.725mm"	"82.5mm"	"15.36mm"	"86mm"	"4"	"T"	"90"	"Yes"	"LTV-217-B-G"	"LTV-217-B-G"
"U9"	"LTV-217-B-G"	"SOP-4_L4.4-W2.8-P1.27-LS7.0-BR"	"27.025mm"	"82.5mm"	"27.025mm"	"82.5mm"	"27.66mm"	"86mm"	"4"	"T"	"90"	"Yes"	"LTV-217-B-G"	"LTV-217-B-G"
"U10"	"74HC14D,653"	"SOIC-14_L8.7-W3.9-P1.27-LS6.0-BL"	"97.311mm"	"17.325mm"	"97.311mm"	"17.325mm"	"94.692mm"	"21.135mm"	"14"	"T"	"270"	"Yes"	"74HC14D,653"	"74HC14D,653"
"U11"	"LTV-217-B-G"	"SOP-4_L4.4-W2.8-P1.27-LS7.0-BR"	"39.3mm"	"82.5mm"	"39.3mm"	"82.5mm"	"39.935mm"	"86mm"	"4"	"T"	"90"	"Yes"	"LTV-217-B-G"	"LTV-217-B-G"
"U12"	"LTV-217-B-G"	"SOP-4_L4.4-W2.8-P1.27-LS7.0-BR"	"51.575mm"	"82.5mm"	"51.575mm"	"82.5mm"	"52.21mm"	"86mm"	"4"	"T"	"90"	"Yes"	"LTV-217-B-G"	"LTV-217-B-G"
"U13"	"LTV-217-B-G"	"SOP-4_L4.4-W2.8-P1.27-LS7.0-BR"	"63.8mm"	"82.5mm"	"63.8mm"	"82.5mm"	"64.435mm"	"86mm"	"4"	"T"	"90"	"Yes"	"LTV-217-B-G"	"LTV-217-B-G"
"U14"	"LTV-217-B-G"	"SOP-4_L4.4-W2.8-P1.27-LS7.0-BR"	"76.05mm"	"82.5mm"	"76.05mm"	"82.5mm"	"76.685mm"	"86mm"	"4"	"T"	"90"	"Yes"	"LTV-217-B-G"	"LTV-217-B-G"
"U15"	"74HC14D,653"	"SOIC-14_L8.7-W3.9-P1.27-LS6.0-BL"	"120.252mm"	"17.325mm"	"120.252mm"	"17.325mm"	"117.633mm"	"21.135mm"	"14"	"T"	"270"	"Yes"	"74HC14D,653"	"74HC14D,653"
"U16"	"LTV-217-B-G"	"SOP-4_L4.4-W2.8-P1.27-LS7.0-BR"	"88.3mm"	"82.5mm"	"88.3mm"	"82.5mm"	"88.935mm"	"86mm"	"4"	"T"	"90"	"Yes"	"LTV-217-B-G"	"LTV-217-B-G"
"U17"	"LTV-217-B-G"	"SOP-4_L4.4-W2.8-P1.27-LS7.0-BR"	"100.575mm"	"82.5mm"	"100.575mm"	"82.5mm"	"101.21mm"	"86mm"	"4"	"T"	"90"	"Yes"	"LTV-217-B-G"	"LTV-217-B-G"
"U18"	"LTV-217-B-G"	"SOP-4_L4.4-W2.8-P1.27-LS7.0-BR"	"112.825mm"	"82.5mm"	"112.825mm"	"82.5mm"	"113.46mm"	"86mm"	"4"	"T"	"90"	"Yes"	"LTV-217-B-G"	"LTV-217-B-G"
"U19"	"SP3485EN-L/TR"	"SOIC-8_L5.0-W4.0-P1.27-LS6.0-BL"	"67.475mm"	"34mm"	"67.475mm"	"34mm"	"69.38mm"	"36.705mm"	"8"	"T"	"180"	"Yes"	"SP3485EN-L/TR"	"SP3485EN-L/TR"
"U20"	"LTV-217-B-G"	"SOP-4_L4.4-W2.8-P1.27-LS7.0-BR"	"125.075mm"	"82.5mm"	"125.075mm"	"82.5mm"	"125.71mm"	"86mm"	"4"	"T"	"90"	"Yes"	"LTV-217-B-G"	"LTV-217-B-G"
"U21"	"SP3485EN-L/TR"	"SOIC-8_L5.0-W4.0-P1.27-LS6.0-BL"	"75.35mm"	"33.925mm"	"75.35mm"	"33.925mm"	"77.255mm"	"36.63mm"	"8"	"T"	"180"	"Yes"	"SP3485EN-L/TR"	"SP3485EN-L/TR"
"U22"	"SP3485EN-L/TR"	"SOIC-8_L5.0-W4.0-P1.27-LS6.0-BL"	"83.2mm"	"33.875mm"	"83.2mm"	"33.875mm"	"85.105mm"	"36.58mm"	"8"	"T"	"180"	"Yes"	"SP3485EN-L/TR"	"SP3485EN-L/TR"
"USBC1"	"TYPE-C-31-M-12"	"USB-C_SMD-TYPE-C-31-M-12_1"	"5.221mm"	"52.399mm"	"5.221mm"	"52.399mm"	"6.927mm"	"48.074mm"	"16"	"T"	"270"	"No"	"TYPE-C-31-M-12"	"TYPE-C-31-M-12"
"X1"	"X322525MOB4SI"	"CRYSTAL-SMD_4P-L3.2-W2.5-BL"	"58.575mm"	"30.525mm"	"58.575mm"	"30.525mm"	"57.475mm"	"29.675mm"	"4"	"T"	"0"	"Yes"	"25MHz"	"25MHz"
"X2"	"X322512MSB4SI"	"CRYSTAL-SMD_4P-L3.2-W2.5-BL"	"64.286mm"	"50.591mm"	"64.286mm"	"50.591mm"	"65.136mm"	"49.491mm"	"4"	"T"	"90"	"Yes"	"12MHz"	"12MHz"
"CN22"	"KF2EDGR-3.5-3P"	"CONN-TH_3P-P3.50_KF2EDGR-3.5-3P"	"15.653mm"	"92mm"	"15.653mm"	"92mm"	"19.153mm"	"92mm"	"3"	"T"	"180"	"No"	"KF2EDGR-3.5-3P"	"KF2EDGR-3.5-3P"
"CN23"	"KF2EDGR-3.5-3P"	"CONN-TH_3P-P3.50_KF2EDGR-3.5-3P"	"27.908mm"	"92mm"	"27.908mm"	"92mm"	"31.408mm"	"92mm"	"3"	"T"	"180"	"No"	"KF2EDGR-3.5-3P"	"KF2EDGR-3.5-3P"
"CN24"	"KF2EDGR-3.5-3P"	"CONN-TH_3P-P3.50_KF2EDGR-3.5-3P"	"40.162mm"	"92mm"	"40.162mm"	"92mm"	"43.662mm"	"92mm"	"3"	"T"	"180"	"No"	"KF2EDGR-3.5-3P"	"KF2EDGR-3.5-3P"
"CN25"	"KF2EDGR-3.5-3P"	"CONN-TH_3P-P3.50_KF2EDGR-3.5-3P"	"52.416mm"	"92mm"	"52.416mm"	"92mm"	"55.916mm"	"92mm"	"3"	"T"	"180"	"No"	"KF2EDGR-3.5-3P"	"KF2EDGR-3.5-3P"
"CN26"	"KF2EDGR-3.5-3P"	"CONN-TH_3P-P3.50_KF2EDGR-3.5-3P"	"64.67mm"	"92mm"	"64.67mm"	"92mm"	"68.17mm"	"92mm"	"3"	"T"	"180"	"No"	"KF2EDGR-3.5-3P"	"KF2EDGR-3.5-3P"
"CN27"	"KF2EDGR-3.5-3P"	"CONN-TH_3P-P3.50_KF2EDGR-3.5-3P"	"76.924mm"	"92mm"	"76.924mm"	"92mm"	"80.424mm"	"92mm"	"3"	"T"	"180"	"No"	"KF2EDGR-3.5-3P"	"KF2EDGR-3.5-3P"
"CN28"	"KF2EDGR-3.5-3P"	"CONN-TH_3P-P3.50_KF2EDGR-3.5-3P"	"89.178mm"	"92mm"	"89.178mm"	"92mm"	"92.678mm"	"92mm"	"3"	"T"	"180"	"No"	"KF2EDGR-3.5-3P"	"KF2EDGR-3.5-3P"
"CN29"	"KF2EDGR-3.5-3P"	"CONN-TH_3P-P3.50_KF2EDGR-3.5-3P"	"101.432mm"	"92mm"	"101.432mm"	"92mm"	"104.932mm"	"92mm"	"3"	"T"	"180"	"No"	"KF2EDGR-3.5-3P"	"KF2EDGR-3.5-3P"
"CN30"	"KF2EDGR-3.5-3P"	"CONN-TH_3P-P3.50_KF2EDGR-3.5-3P"	"113.687mm"	"92mm"	"113.687mm"	"92mm"	"117.187mm"	"92mm"	"3"	"T"	"180"	"No"	"KF2EDGR-3.5-3P"	"KF2EDGR-3.5-3P"
"CN31"	"KF2EDGR-3.5-3P"	"CONN-TH_3P-P3.50_KF2EDGR-3.5-3P"	"125.941mm"	"92mm"	"125.941mm"	"92mm"	"129.441mm"	"92mm"	"3"	"T"	"180"	"No"	"KF2EDGR-3.5-3P"	"KF2EDGR-3.5-3P"
"CN32"	"KF2EDGR-3.5-3P"	"CONN-TH_3P-P3.50_KF2EDGR-3.5-3P"	"29.288mm"	"8.005mm"	"29.288mm"	"8.005mm"	"25.788mm"	"8.005mm"	"3"	"T"	"0"	"No"	"KF2EDGR-3.5-3P"	"KF2EDGR-3.5-3P"
"CN33"	"KF2EDGR-3.5-2P"	"CONN-TH_P3.50_KF2EDGR-3.5-2P"	"141.911mm"	"50.644mm"	"141.911mm"	"50.644mm"	"141.911mm"	"48.894mm"	"2"	"T"	"90"	"No"	"KF2EDGR-3.5-2P"	"KF2EDGR-3.5-2P"
"CN34"	"KF2EDGR-3.5-4P"	"CONN-TH_4P-P3.50_KF2EDGR-3.5-4P"	"69.056mm"	"8.065mm"	"69.056mm"	"8.065mm"	"63.806mm"	"8.065mm"	"4"	"T"	"0"	"No"	"KF2EDGR-3.5-4P"	"KF2EDGR-3.5-4P"
"CN35"	"KF2EDGR-3.5-4P"	"CONN-TH_4P-P3.50_KF2EDGR-3.5-4P"	"84.815mm"	"8.065mm"	"84.815mm"	"8.065mm"	"79.565mm"	"8.065mm"	"4"	"T"	"0"	"No"	"KF2EDGR-3.5-4P"	"KF2EDGR-3.5-4P"
"CN36"	"KF2EDGR-3.5-4P"	"CONN-TH_4P-P3.50_KF2EDGR-3.5-4P"	"100.574mm"	"8.065mm"	"100.574mm"	"8.065mm"	"95.325mm"	"8.065mm"	"4"	"T"	"0"	"No"	"KF2EDGR-3.5-4P"	"KF2EDGR-3.5-4P"
"CN37"	"KF2EDGR-3.5-4P"	"CONN-TH_4P-P3.50_KF2EDGR-3.5-4P"	"116.333mm"	"8.065mm"	"116.333mm"	"8.065mm"	"111.084mm"	"8.065mm"	"4"	"T"	"0"	"No"	"KF2EDGR-3.5-4P"	"KF2EDGR-3.5-4P"
"CN38"	"KF2EDGR-3.5-4P"	"CONN-TH_4P-P3.50_KF2EDGR-3.5-4P"	"132.093mm"	"8.065mm"	"132.093mm"	"8.065mm"	"126.843mm"	"8.065mm"	"4"	"T"	"0"	"No"	"KF2EDGR-3.5-4P"	"KF2EDGR-3.5-4P"
"CN39"	"KF2EDGR-3.5-4P"	"CONN-TH_4P-P3.50_KF2EDGR-3.5-4P"	"141.91mm"	"38.325mm"	"141.91mm"	"38.325mm"	"141.91mm"	"33.075mm"	"4"	"T"	"90"	"No"	"KF2EDGR-3.5-4P"	"KF2EDGR-3.5-4P"
"CN40"	"KF2EDGR-3.5-5P"	"CONN-TH_5P-P3.50_KF2EDGR-3.5-5P"	"141.91mm"	"20.793mm"	"141.91mm"	"20.793mm"	"141.91mm"	"13.793mm"	"5"	"T"	"90"	"No"	"KF2EDGR-3.5-5P"	"KF2EDGR-3.5-5P"
"CN41"	"KF2EDGR-3.5-6P"	"CONN-TH_6P-P3.50_KF2EDGR-3.5-6P"	"48.354mm"	"8.065mm"	"48.354mm"	"8.065mm"	"39.604mm"	"8.065mm"	"6"	"T"	"0"	"No"	"KF2EDGR-3.5-6P"	"KF2EDGR-3.5-6P"
"CN42"	"KF2EDGR-3.5-2P"	"CONN-TH_P3.50_KF2EDGR-3.5-2P"	"141.911mm"	"59.625mm"	"141.911mm"	"59.625mm"	"141.911mm"	"57.875mm"	"2"	"T"	"90"	"No"	"KF2EDGR-3.5-2P"	"KF2EDGR-3.5-2P"
"C82"	"CC0603KRX7R9BB104"	"C0603"	"133.09mm"	"39.49mm"	"133.09mm"	"39.49mm"	"132.39mm"	"39.49mm"	"2"	"T"	"0"	"Yes"	"100nF"	"100nF"
"C83"	"CC0603KRX7R9BB104"	"C0603"	"124.78mm"	"34.172mm"	"124.78mm"	"34.172mm"	"124.78mm"	"34.872mm"	"2"	"T"	"270"	"Yes"	"100nF"	"100nF"
"C84"	"1206B103K500NT"	"C1206"	"135.4mm"	"35.265mm"	"135.4mm"	"35.265mm"	"135.4mm"	"36.858mm"	"2"	"T"	"270"	"Yes"	"10nF"	"10nF"
"D7"	"1N4742A_C140853"	"DO-41_BD2.4-L4.7-P8.70-D0.9-RD"	"128.09mm"	"29.95mm"	"128.09mm"	"29.95mm"	"132.44mm"	"29.95mm"	"2"	"T"	"180"	"No"	"1N4742A"	"1N4742A"
"LED6"	"KT-0805G"	"LED0805-R-RD"	"130.04mm"	"43.51mm"	"130.04mm"	"43.51mm"	"130.04mm"	"42.46mm"	"2"	"T"	"270"	"Yes"	"KT-0805G"	"KT-0805G"
"Q1"	"2N7002_C8545"	"SOT-23-3_L2.9-W1.3-P1.90-LS2.4-BR"	"84.424mm"	"48.06mm"	"84.424mm"	"48.06mm"	"85.374mm"	"49.06mm"	"3"	"T"	"90"	"Yes"	"2N7002"	"2N7002"
"Q2"	"2N7002_C8545"	"SOT-23-3_L2.9-W1.3-P1.90-LS2.4-BR"	"89.69mm"	"48.06mm"	"89.69mm"	"48.06mm"	"90.64mm"	"49.06mm"	"3"	"T"	"90"	"Yes"	"2N7002"	"2N7002"
"R116"	"0603WAF1002T5E"	"R0603"	"117.547mm"	"34.901mm"	"117.547mm"	"34.901mm"	"116.793mm"	"34.901mm"	"2"	"T"	"0"	"Yes"	"10kΩ"	"10kΩ"
"R117"	"0603WAF1002T5E"	"R0603"	"122.42mm"	"34.901mm"	"122.42mm"	"34.901mm"	"121.667mm"	"34.901mm"	"2"	"T"	"0"	"Yes"	"10kΩ"	"10kΩ"
"R120"	"0603WAF1002T5E"	"R0603"	"125.19mm"	"39.883mm"	"125.19mm"	"39.883mm"	"125.19mm"	"40.637mm"	"2"	"T"	"270"	"Yes"	"10kΩ"	"10kΩ"
"R121"	"0603WAF2001T5E"	"R0603"	"130.06mm"	"40.61mm"	"130.06mm"	"40.61mm"	"130.813mm"	"40.61mm"	"2"	"T"	"180"	"Yes"	"2kΩ"	"2kΩ"
"R122"	"0603WAF1002T5E"	"R0603"	"115.213mm"	"41.743mm"	"115.213mm"	"41.743mm"	"115.213mm"	"42.497mm"	"2"	"T"	"270"	"Yes"	"10kΩ"	"10kΩ"
"R123"	"0603WAF1001T5E"	"R0603"	"126.703mm"	"39.877mm"	"126.703mm"	"39.877mm"	"126.703mm"	"40.63mm"	"2"	"T"	"270"	"Yes"	"1kΩ"	"1kΩ"
"R124"	"0603WAF1002T5E"	"R0603"	"83.559mm"	"51.53mm"	"83.559mm"	"51.53mm"	"83.559mm"	"52.283mm"	"2"	"T"	"270"	"Yes"	"10kΩ"	"10kΩ"
"R125"	"0603WAF1001T5E"	"R0603"	"85.29mm"	"51.53mm"	"85.29mm"	"51.53mm"	"85.29mm"	"50.777mm"	"2"	"T"	"90"	"Yes"	"1kΩ"	"1kΩ"
"R126"	"0603WAF1001T5E"	"R0603"	"90.556mm"	"51.53mm"	"90.556mm"	"51.53mm"	"90.556mm"	"50.777mm"	"2"	"T"	"90"	"Yes"	"1kΩ"	"1kΩ"
"R127"	"0603WAF1002T5E"	"R0603"	"88.824mm"	"51.53mm"	"88.824mm"	"51.53mm"	"88.824mm"	"52.283mm"	"2"	"T"	"270"	"Yes"	"10kΩ"	"10kΩ"
"U23"	"LM358DR2G"	"SOIC-8_L5.0-W4.0-P1.27-LS6.0-BL"	"129.71mm"	"35.52mm"	"129.71mm"	"35.52mm"	"127.005mm"	"37.425mm"	"8"	"T"	"270"	"Yes"	"LM358DR2G"	"LM358DR2G"
"R128"	"PV37W103C01B00"	"RES-ADJ-TH_L6.7-W4.5-P2.50_PV37W"	"119.79mm"	"40.85mm"	"119.79mm"	"40.85mm"	"117.29mm"	"39.6mm"	"3"	"T"	"0"	"No"	"10kΩ"	"10kΩ"
"R114"	"0402WGF220JTCE"	"R0402"	"44.85mm"	"52.6mm"	"44.85mm"	"52.6mm"	"44.417mm"	"52.6mm"	"2"	"T"	"0"	"Yes"	"22Ω"	"22Ω"
"R115"	"0402WGF220JTCE"	"R0402"	"44.85mm"	"51.6mm"	"44.85mm"	"51.6mm"	"44.417mm"	"51.6mm"	"2"	"T"	"0"	"Yes"	"22Ω"	"22Ω"
"MH5"	"MH_7.5x3.5mm"	"MH_7.5x3.5m"	"75mm"	"50mm"	"75mm"	"50mm"	"75mm"	"50mm"	"1"	"T"	"0"	"No"	"MH_7.5x3.5mm"	"MH_7.5x3.5mm"
