PCB8_CNC_Controller_RP2350_v1,,,,,,,,,,LCSC BOM Quotation,,,,,,,,,,,,,,,
,,,,,,,,,,BOM Date Created:11/05/26 05:52:16,,,,BOM Export Date: 11/05/26 05:56:59,,,,"The matching result is a real-time query result, availability and prices may fluctuate.  
Backorder items are estimated prices for your reference, please submit ""Create Quote"" to get the real price.
All information is provided ""as is"" and is subject to change without notice.  Any use made of the information provided is without recourse to LCSC and at the user's risk.",,,,,,,
,,,,,,,,,,"EST TOTAL :$2205.41
",,,,Website:https://www.lcsc.com/bom,,,,,,,,,,,
Uploaded data,,,,,,,,,,LCSC Matching Results,,,,,,,,,,,,,,,
LCSC#,Mfr.,Mrf#,Description,Package,Value,Customer Part Number,Quantity,Target Price(USD),Target Lead Time(Business Days),Mrf#,Mfr.,Order Qty.,Unit Price(USD),Ext.Price(USD),LCSC#,Package,Min,Mult,SPQ,Availability,Stock Status,Customer Notes,Description,Matched status,Product Link
C2873969,ROQANG(??),KM1E101M0611,,CAP-TH_BD6.0-P2.50-D0.5-FD,,-,1,,,KM1E101M0611,ROQANG,50,0.0192,0.96,C2873969,Through Hole,50,50,1000,13500,In Stock,,100uF 25V Aluminum Electrolytic Capacitors Through Hole 2000hrs@105?,Exact Matches,https://www.lcsc.com/product-detail/C2873969.html
C28233,SAMSUNG(??),CL21B104KCFNNNE,,C0805,,-,5,,,CL21B104KCFNNNE,Samsung Electro-Mechanics,50,0.0108,0.54,C28233,0805,50,50,2000,884350,In Stock,,100nF ±10% 100V Ceramic Capacitor X7R 0805,Exact Matches,https://www.lcsc.com/product-detail/C28233.html
C440198,muRata(??),GRM21BR61H106KE43L,,C0805,,-,3,,,GRM21BR61H106KE43L,muRata,10,0.0687,0.69,C440198,0805,10,10,3000,813330,In Stock,,10uF ±10% 50V Ceramic Capacitor X5R 0805,Exact Matches,https://www.lcsc.com/product-detail/C440198.html
C7171,Kyocera AVX,TAJA106K016RNJ,,CAP-SMD_L3.2-W1.6-RD-C7171,,-,5,,,TAJA106K016RNJ,Kyocera AVX,6,0.1292,0.78,C7171,CASE-A-3216-18(mm),2,2,2000,499488,In Stock,,10uF ±10% 16V Tantalum Capacitors 3?@100kHz CASE-A-3216-18(mm),Exact Matches,https://www.lcsc.com/product-detail/C7171.html
C2976624,Dersonic(???),CC3D102KC2IEB46U31MF,,CAP-TH_L6.8-W2.6-P5.08-D0.6-S2.1,,-,1,,,CC3D102KC2IEB46U31MF,Dersonic,20,0.0338,0.68,C2976624,"Through Hole,P=5.08mm",20,20,1000,2180,In Stock,,1nF ±10% 2kV Ceramic Capacitor Through Hole P=5.08mm,Exact Matches,https://www.lcsc.com/product-detail/C2976624.html
C393941,SHOU HAN(??),TF PUSH,,TF-SMD_TF-PUSH,,-,1,,,TF PUSH,SHOU HAN,10,0.0655,0.66,C393941,SMD,10,10,1000,176060,In Stock,,Micro SD card (TF card) Connector and Ejector Push-Push Surface Mount,Exact Matches,https://www.lcsc.com/product-detail/C393941.html
C22452,MDD(?????),SS54,,SMA_L4.4-W2.8-LS5.4-R-RD,,-,1,,,SS54,MDD(Microdiode Semiconductor),10,0.0364,0.36,C22452,SMA(DO-214AC),10,10,5000,407960,In Stock,,Diode Independent 40V 5A Surface Mount SMA(DO-214AC),Exact Matches,https://www.lcsc.com/product-detail/C22452.html
C8678,MDD(?????),SS34,,SMA_L4.3-W2.6-LS5.2-RD,,-,2,,,SS34,MDD(Microdiode Semiconductor),20,0.0295,0.59,C8678,SMA(DO-214AC),20,20,5000,0,Backordered,,Diode Independent 40V 3A Surface Mount SMA(DO-214AC),Exact Matches,https://www.lcsc.com/product-detail/C8678.html
C32677,PROTEK,PSM712-LF-T7,,SOT-23-3_L3.0-W1.7-P0.95-LS2.9-BR,,-,3,,,PSM712-LF-T7,PROTEK,5,0.3355,1.68,C32677,SOT-23,5,5,3000,136975,In Stock,,19VC Clamp 34A@8/20us 30A@8/20us Ipp TVS DIODE SOT-23,Exact Matches,https://www.lcsc.com/product-detail/C32677.html
C2691448,XFCN(??),PZ254V-11-04P,,HDR-TH_4P-P2.54-V-M,,-,1,,,PZ254V-11-04P,XFCN,20,0.0256,0.51,C2691448,"Through Hole,P=2.54mm",20,20,1000,692860,In Stock,,Pin Header 4 Position 2.54mm Pitch Single Row Through Hole -40?~+105?,Exact Matches,https://www.lcsc.com/product-detail/C2691448.html
C6364679,SHOU HAN(??),CYA1040-22UH,,IND-SMD_L11.6-W10.1,,-,1,,,CYA1040-22UH,SHOU HAN,5,0.3492,1.75,C6364679,"SMD,11.6x10.1mm",5,5,1000,2265,In Stock,,"5A 22uH ±20% 5.5A 60m? SMD,11.6x10.1mm Fixed Inductors RoHS",Exact Matches,https://www.lcsc.com/product-detail/C6364679.html
C14709,muRata(??),BLM18PG121SN1D,,L0603,,-,1,,,BLM18PG121SN1D,muRata,50,0.0134,0.67,C14709,0603,50,50,4000,3649400,In Stock,,120?@100MHz 1 Line Ferrite Bead 0603 2A 50m?,Exact Matches,https://www.lcsc.com/product-detail/C14709.html
C42411119,ABRACON,AOTA-B201610S3R3-101-T,,IND-SMD_L2.0-W1.6_AOTA-B201610S3R3-101-T,,-,1,,,AOTA-B201610S3R3-101-T,ABRACON,5,0.2860,1.43,C42411119,0806,5,5,3000,11360,In Stock,,2.1A 3.3uH 115m? 2.4A Molded Inductor 0806 Fixed Inductors RoHS,Exact Matches,https://www.lcsc.com/product-detail/C42411119.html
C2297,KENTO,KT-0805G,,LED0805-R-RD,,-,5,,,KT-0805G,Hubei KENTO Elec,50,0.0163,0.82,C2297,0805,50,50,3000,752050,In Stock,,Emerald Green 525nm LED Indication - Discrete 2.6V~3.1V 0805,Exact Matches,https://www.lcsc.com/product-detail/C2297.html
C23186,UNI-ROYAL(??),0603WAF5101T5E,,R0603,,-,2,,,0603WAF5101T5E,UNI-ROYAL,100,0.0016,0.16,C23186,0603,100,100,5000,4456900,In Stock,,5.1k? ±1% 100mW 0603 Thick Film Resistor,Exact Matches,https://www.lcsc.com/product-detail/C23186.html
C23212,UNI-ROYAL(??),0603WAF6801T5E,,R0603,,-,1,,,0603WAF6801T5E,UNI-ROYAL,100,0.0017,0.17,C23212,0603,100,100,5000,393100,In Stock,,6.8k? ±1% 100mW 0603 Thick Film Resistor,Exact Matches,https://www.lcsc.com/product-detail/C23212.html
C22843,UNI-ROYAL(??),0603WAF1501T5E,,R0603,,-,1,,,0603WAF1501T5E,UNI-ROYAL,100,0.0017,0.17,C22843,0603,100,100,5000,0,Backordered,,1.5k? ±1% 100mW 0603 Thick Film Resistor,Exact Matches,https://www.lcsc.com/product-detail/C22843.html
C25804,UNI-ROYAL(??),0603WAF1002T5E,,R0603,,-,31,,,0603WAF1002T5E,UNI-ROYAL,100,0.0031,0.31,C25804,0603,100,100,5000,0,Backordered,,10k? ±1% 100mW 0603 Thick Film Resistor,Exact Matches,https://www.lcsc.com/product-detail/C25804.html
C22975,UNI-ROYAL(??),0603WAF2001T5E,,R0603,,-,1,,,0603WAF2001T5E,UNI-ROYAL,100,0.0017,0.17,C22975,0603,100,100,5000,0,Backordered,,2k? ±1% 100mW 0603 Thick Film Resistor,Exact Matches,https://www.lcsc.com/product-detail/C22975.html
C21190,UNI-ROYAL(??),0603WAF1001T5E,,R0603,,-,4,,,0603WAF1001T5E,UNI-ROYAL,100,0.0016,0.16,C21190,0603,100,100,5000,0,Backordered,,1k? ±1% 100mW 0603 Thick Film Resistor,Exact Matches,https://www.lcsc.com/product-detail/C21190.html
C17936,UNI-ROYAL(??),1206W4F4701T5E,,R1206,,-,2,,,1206W4F4701T5E,UNI-ROYAL,100,0.0045,0.45,C17936,1206,100,100,5000,0,Backordered,,4.7k? ±1% 250mW 1206 Thick Film Resistor,Exact Matches,https://www.lcsc.com/product-detail/C17936.html
C23140,UNI-ROYAL(??),0603WAF330JT5E,,R0603,,-,19,,,0603WAF330JT5E,UNI-ROYAL,100,0.0017,0.17,C23140,0603,100,100,5000,0,Backordered,,33? ±1% 100mW 0603 Thick Film Resistor,Exact Matches,https://www.lcsc.com/product-detail/C23140.html
C22859,UNI-ROYAL(??),0603WAF100JT5E,,R0603,,-,1,,,0603WAF100JT5E,UNI-ROYAL,20,0.0019,0.04,C22859,0603,20,20,5000,514580,In Stock,,10? ±1% 100mW 0603 Thick Film Resistor,Exact Matches,https://www.lcsc.com/product-detail/C22859.html
C23162,UNI-ROYAL(??),0603WAF4701T5E,,R0603,,-,3,,,0603WAF4701T5E,UNI-ROYAL,100,0.0014,0.14,C23162,0603,100,100,5000,0,Backordered,,4.7k? ±1% 100mW 0603 Thick Film Resistor,Exact Matches,https://www.lcsc.com/product-detail/C23162.html
C23185,UNI-ROYAL(??),0603WAF499JT5E,,R0603,,-,4,,,0603WAF499JT5E,UNI-ROYAL,100,0.0017,0.17,C23185,0603,100,100,5000,1062800,In Stock,,49.9? ±1% 100mW 0603 Thick Film Resistor,Exact Matches,https://www.lcsc.com/product-detail/C23185.html
C23164,UNI-ROYAL(??),0603WAF470KT5E,,R0603,,-,4,,,0603WAF470KT5E,UNI-ROYAL,100,0.0023,0.23,C23164,0603,100,100,5000,0,Backordered,,4.7? ±1% 100mW 0603 Thick Film Resistor,Exact Matches,https://www.lcsc.com/product-detail/C23164.html
C22935,UNI-ROYAL(??),0603WAF1004T5E,,R0603,,-,1,,,0603WAF1004T5E,UNI-ROYAL,100,0.0015,0.15,C22935,0603,100,100,5000,0,Backordered,,1M? ±1% 100mW 0603 Thick Film Resistor,Exact Matches,https://www.lcsc.com/product-detail/C22935.html
C21189,UNI-ROYAL(??),0603WAF0000T5E,,R0603,,-,1,,,0603WAF0000T5E,UNI-ROYAL,100,0.0015,0.15,C21189,0603,100,100,5000,678200,In Stock,,0? ±1% 100mW 0603 Thick Film Resistor,Exact Matches,https://www.lcsc.com/product-detail/C21189.html
C137798,YAGEO(??),RC0603FR-0712K4L,,R0603,,-,1,,,RC0603FR-0712K4L,YAGEO,100,0.0015,0.15,C137798,0603,100,100,5000,57000,In Stock,,100mW 12.4k? 75V Thick Film Resistor ±100ppm/? ±1% 0603 Chip Resistor - Surface Mount RoHS,Exact Matches,https://www.lcsc.com/product-detail/C137798.html
C23138,UNI-ROYAL(??),0603WAF3300T5E,,R0603,,-,20,,,0603WAF3300T5E,UNI-ROYAL,100,0.0016,0.16,C23138,0603,100,100,5000,0,Backordered,,330? ±1% 100mW 0603 Thick Film Resistor,Exact Matches,https://www.lcsc.com/product-detail/C23138.html
C17927,UNI-ROYAL(??),1206W4F1004T5E,,R1206,,-,1,,,1206W4F1004T5E,UNI-ROYAL,100,0.0044,0.44,C17927,1206,100,100,5000,30500,In Stock,,1M? ±1% 250mW 1206 Thick Film Resistor,Exact Matches,https://www.lcsc.com/product-detail/C17927.html
C4382,UNI-ROYAL(??),0805W8F5601T5E,,R0805,,-,10,,,0805W8F5601T5E,UNI-ROYAL,100,0.0026,0.26,C4382,0805,100,100,5000,166300,In Stock,,5.6k? ±1% 125mW 0805 Thick Film Resistor,Exact Matches,https://www.lcsc.com/product-detail/C4382.html
C22787,UNI-ROYAL(??),0603WAF1200T5E,,R0603,,-,2,,,0603WAF1200T5E,UNI-ROYAL,100,0.0016,0.16,C22787,0603,100,100,5000,0,Backordered,,120? ±1% 100mW 0603 Thick Film Resistor,Exact Matches,https://www.lcsc.com/product-detail/C22787.html
C910371,WIZNET,J1B1211CCD,,RJ45-TH_J1B1211CCD,,-,1,,,J1B1211CCD,WIZNET,1,2.7284,2.73,C910371,"Through Hole,Right Angle",1,1,120,7824,In Stock,,"Jack Modular Connector RJ45 Through Hole, Right Angle Shielded cat5",Exact Matches,https://www.lcsc.com/product-detail/C910371.html
C720477,XUNPU(??),TS-1088-AR02016,,SW-SMD_L3.9-W3.0-P4.45,,-,2,,,TS-1088-AR02016,XUNPU,10,0.0534,0.53,C720477,"SMD,4x3mm",10,10,4000,290830,In Stock,,Tactile Switch SPST 160gf 2mm SMD (SMT) Tab 4mm x 3mm Surface Mount,Exact Matches,https://www.lcsc.com/product-detail/C720477.html
C9864,TI(????),TPS5430DDAR,,ESOP-8_L4.9-W3.9-P1.27-LS6.0-TL-EP,,-,1,,,TPS5430DDAR,TI,1,0.8251,0.83,C9864,SOIC-8-EP,1,1,2500,49081,In Stock,,500kHz Step-down type Adjustable 1.221V~32.04V 3A SOIC-8-EP Voltage Regulators - DC DC Switching Regulators RoHS,Exact Matches,https://www.lcsc.com/product-detail/C9864.html
C6186,AMS,AMS1117-3.3,,SOT-223-3_L6.5-W3.4-P2.30-LS7.0-BR,,-,1,,,AMS1117-3.3,Advanced Monolithic Systems,5,0.2139,1.07,C6186,SOT-223,5,5,2500,1175060,In Stock,,"3.3V Positive Fixed SOT-223 Voltage Regulators - Linear, Low Drop Out (LDO) Regulators RoHS",Exact Matches,https://www.lcsc.com/product-detail/C6186.html
C5369487,YLPTEC(??),B2424S-2WR3,,PWRM-TH_BXXXXS-2WR3,,-,1,,,B2424S-2WR3,YLPTEC,1,1.5259,1.53,C5369487,"SIP,19.5x7mm",1,1,25,968,In Stock,,Isolated Module DC DC Converter 1 Output 24V 83mA 21.6V~26.4V Input,Exact Matches,https://www.lcsc.com/product-detail/C5369487.html
C42415655,Raspberry Pi(???),RP2350B,,QFN-80_L10.0-W10.0-P0.40-TL-EP3.4,,-,1,,,RP2350B,Raspberry Pi,1,-,-,C42415655,QFN-80-EP(10x10),1,1,2500,2124,discountinued,,QFN-80-EP(10x10) Microcontrollers RoHS,Exact Matches,https://www.lcsc.com/product-detail/C42415655.html
C32843,WIZNET,W5500,,LQFP-48_L7.0-W7.0-P0.50-LS9.0-BL,,-,1,,,W5500,WIZNET,1,2.7652,2.77,C32843,LQFP-48(7x7),1,1,2500,22627,In Stock,,SPI LQFP-48(7x7) Interface Controllers RoHS,Exact Matches,https://www.lcsc.com/product-detail/C32843.html
C97521,Winbond(??),W25Q128JVSIQ,,SOIC-8_L5.3-W5.3-P1.27-LS8.0-BL,,-,1,,,W25Q128JVSIQ,Winbond,1,2.5968,2.60,C97521,SOIC-8-208mil,1,1,2000,0,Backordered,,2.7V~3.6V 128Mbit 133MHz SPI SOIC-8-208mil Memory (ICs) RoHS,Exact Matches,https://www.lcsc.com/product-detail/C97521.html
C5605,Nexperia(??),"74HC14D,653",,SOIC-14_L8.7-W3.9-P1.27-LS6.0-BL,,-,3,,,"74HC14D,653",Nexperia,30000,0.0722,2166.00,C5605,-,30000,5,2500,30000,In Stock,,"Schmitt trigger 2V~6V 21ns@6V,50pF 6 2uA 1 SOIC-14 Gates and Inverters RoHS",Exact Matches,
C115450,LITEON(??),LTV-217-B-G,,SOP-4_L4.4-W2.8-P1.27-LS7.0-BR,,-,10,,,LTV-217-B-G,LITEON,10,0.0678,0.68,C115450,SOP-4-175mil,10,10,3000,263950,In Stock,,Phototransistor Output 3.75kVrms 1 Channel SOP-4-175mil,Exact Matches,https://www.lcsc.com/product-detail/C115450.html
C8963,MaxLinear(??),SP3485EN-L/TR,,SOIC-8_L5.0-W4.0-P1.27-LS6.0-BL,,-,3,,,SP3485EN-L/TR,MaxLinear,4,0.3049,1.22,C8963,SOIC-8,2,2,2500,79990,In Stock,,"3.3V Transceiver 10Mbps 32 Half-Duplex SOIC-8 Drivers, Receivers, Transceivers RoHS",Exact Matches,https://www.lcsc.com/product-detail/C8963.html
C165948,????,TYPE-C-31-M-12,,USB-C_SMD-TYPE-C-31-M-12_1,,-,1,,,TYPE-C-31-M-12,Korean Hroparts Elec,5,0.1708,0.85,C165948,SMD,5,5,1000,368740,In Stock,,USB-C (USB TYPE-C) Receptacle Connector 16 Position Surface Mount,Exact Matches,https://www.lcsc.com/product-detail/C165948.html
C9006,YXC(????),X322525MOB4SI,,CRYSTAL-SMD_4P-L3.2-W2.5-BL,,-,1,,,X322525MOB4SI,YXC Crystal Oscillators,10,0.0733,0.73,C9006,SMD3225-4P,10,10,3000,264200,In Stock,,Crystal 25MHz ±10ppm 12pF SMD3225-4P,Exact Matches,https://www.lcsc.com/product-detail/C9006.html
C9002,YXC(????),X322512MSB4SI,,CRYSTAL-SMD_4P-L3.2-W2.5-BL,,-,1,,,X322512MSB4SI,YXC Crystal Oscillators,10,0.0740,0.74,C9002,SMD3225-4P,10,10,3000,412490,In Stock,,Crystal 12MHz ±10ppm 20pF SMD3225-4P,Exact Matches,https://www.lcsc.com/product-detail/C9002.html
C441172,KEFA(??),KF2EDGR-3.5-3P,,CONN-TH_3P-P3.50_KF2EDGR-3.5-3P,,-,11,,,KF2EDGR-3.5-3P,Cixi Kefa Elec,15,0.0744,1.12,C441172,"Through Hole,Right Angle,P=3.5mm",5,5,200,9280,In Stock,,3 Position Board Side/Socket - Closed 3.5mm Pitch Right-Angle Pin,Exact Matches,https://www.lcsc.com/product-detail/C441172.html
C441171,KEFA(??),KF2EDGR-3.5-2P,,CONN-TH_P3.50_KF2EDGR-3.5-2P,,-,2,,,KF2EDGR-3.5-2P,Cixi Kefa Elec,10,0.0496,0.50,C441171,"Through Hole,Right Angle,P=3.5mm",10,10,500,5150,In Stock,,2 Position Board Side/Socket - Closed 3.5mm Pitch Right-Angle Pin,Exact Matches,https://www.lcsc.com/product-detail/C441171.html
C441173,KEFA(??),KF2EDGR-3.5-4P,,CONN-TH_4P-P3.50_KF2EDGR-3.5-4P,,-,6,,,KF2EDGR-3.5-4P,Cixi Kefa Elec,10,0.1082,1.08,C441173,"Through Hole,Right Angle,P=3.5mm",5,5,200,12400,In Stock,,4 Position Board Side/Socket - Closed 3.5mm Pitch Right-Angle Pin,Exact Matches,https://www.lcsc.com/product-detail/C441173.html
C441174,KEFA(??),KF2EDGR-3.5-5P,,CONN-TH_5P-P3.50_KF2EDGR-3.5-5P,,-,1,,,KF2EDGR-3.5-5P,Cixi Kefa Elec,5,0.1239,0.62,C441174,"Through Hole,Right Angle,P=3.5mm",5,5,200,1895,In Stock,,5 Position Board Side/Socket - Closed 3.5mm Pitch Right-Angle Pin,Exact Matches,https://www.lcsc.com/product-detail/C441174.html
C441175,KEFA(??),KF2EDGR-3.5-6P,,CONN-TH_6P-P3.50_KF2EDGR-3.5-6P,,-,1,,,KF2EDGR-3.5-6P,Cixi Kefa Elec,5,0.1593,0.80,C441175,"Through Hole,Right Angle,P=3.5mm",5,5,200,3820,In Stock,,6 Position Board Side/Socket - Closed 3.5mm Pitch Right-Angle Pin,Exact Matches,https://www.lcsc.com/product-detail/C441175.html
C57112,FH(??),0603B103K500NT,,C0603,,-,1,,,0603B103K500NT,FH,100,0.0031,0.31,C57112,0603,100,100,4000,1488600,In Stock,,10nF ±10% 50V Ceramic Capacitor X7R 0603,Exact Matches,https://www.lcsc.com/product-detail/C57112.html
C1588,SAMSUNG(??),CL10B102KB8NNNC,,C0603,,-,1,,,CL10B102KB8NNNC,Samsung Electro-Mechanics,50,0.0033,0.17,C1588,0603,50,50,4000,7641300,In Stock,,1nF ±10% 50V Ceramic Capacitor X7R 0603,Exact Matches,https://www.lcsc.com/product-detail/C1588.html
C14663,YAGEO(??),CC0603KRX7R9BB104,,C0603,,-,41,,,CC0603KRX7R9BB104,YAGEO,100,0.0030,0.30,C14663,0603,100,100,4000,4281700,In Stock,,100nF ±10% 50V Ceramic Capacitor X7R 0603,Exact Matches,https://www.lcsc.com/product-detail/C14663.html
C19666,SAMSUNG(??),CL10A475KO8NNNC,,C0603,,-,5,,,CL10A475KO8NNNC,Samsung Electro-Mechanics,10,0.0111,0.11,C19666,0603,10,10,4000,2586770,In Stock,,4.7uF ±10% 16V Ceramic Capacitor X5R 0603,Exact Matches,https://www.lcsc.com/product-detail/C19666.html
C15849,SAMSUNG(??),CL10A105KB8NNNC,,C0603,,-,3,,,CL10A105KB8NNNC,Samsung Electro-Mechanics,50,0.0077,0.39,C15849,0603,50,50,4000,1161950,In Stock,,1uF ±10% 50V Ceramic Capacitor X5R 0603,Exact Matches,https://www.lcsc.com/product-detail/C15849.html
C21122,SAMSUNG(??),CL10B223KB8NNNC,,C0603,,-,1,,,CL10B223KB8NNNC,Samsung Electro-Mechanics,50,0.0046,0.23,C21122,0603,50,50,4000,974300,In Stock,,22nF ±10% 50V Ceramic Capacitor X7R 0603,Exact Matches,https://www.lcsc.com/product-detail/C21122.html
C1631,FH(??),0603B682K500NT,,C0603,,-,2,,,0603B682K500NT,FH,100,0.0036,0.36,C1631,0603,100,100,4000,395200,In Stock,,6.8nF ±10% 50V Ceramic Capacitor X7R 0603,Exact Matches,https://www.lcsc.com/product-detail/C1631.html
C1663,SAMSUNG(??),CL10C330JB8NNNC,,C0603,,-,2,,,CL10C330JB8NNNC,Samsung Electro-Mechanics,100,0.0057,0.57,C1663,0603,100,100,4000,1189700,In Stock,,33pF ±5% 50V Ceramic Capacitor C0G 0603,Exact Matches,https://www.lcsc.com/product-detail/C1663.html
C1647,SAMSUNG(??),CL10C180JB8NNNC,,C0603,,-,2,,,CL10C180JB8NNNC,Samsung Electro-Mechanics,100,0.0055,0.55,C1647,0603,100,100,4000,354100,In Stock,,18pF ±5% 50V Ceramic Capacitor C0G 0603,Exact Matches,https://www.lcsc.com/product-detail/C1647.html
C25092,UNI-ROYAL(??),0402WGF220JTCE,,R0402,,-,2,,,0402WGF220JTCE,UNI-ROYAL,100,0.0009,0.09,C25092,0402,100,100,10000,0,Backordered,,22? ±1% 62.5mW 0402 Thick Film Resistor,Exact Matches,https://www.lcsc.com/product-detail/C25092.html
